year,month,date_of_month,day_of_week,day_of_year,births
1978,1,1,7,1,4535
1978,1,2,1,2,9285
1978,1,3,2,3,9526
1978,1,4,3,4,9484
1978,1,5,4,5,9268
1978,1,6,5,6,9368
1978,1,7,6,7,6894
1978,1,8,7,8,6348
1978,1,9,1,9,9225
1978,1,10,2,10,9507
1978,1,11,3,11,9126
1978,1,12,4,12,9226
1978,1,13,5,13,9453
1978,1,14,6,14,6265
1978,1,15,7,15,5899
1978,1,16,1,16,9209
1978,1,17,2,17,9227
1978,1,18,3,18,9266
1978,1,19,4,19,9146
1978,1,20,5,20,9156
1978,1,21,6,21,6874
1978,1,22,7,22,6169
1978,1,23,1,23,9322
1978,1,24,2,24,9153
1978,1,25,3,25,9112
1978,1,26,4,26,9330
1978,1,27,5,27,9203
1978,1,28,6,28,6677
1978,1,29,7,29,6102
1978,1,30,1,30,9257
1978,1,31,2,31,9301
1978,2,1,3,32,9708
1978,2,2,4,33,9472
1978,2,3,5,34,9384
1978,2,4,6,35,6923
1978,2,5,7,36,6155
1978,2,6,1,37,9512
1978,2,7,2,38,9222
1978,2,8,3,39,9135
1978,2,9,4,40,9510
1978,2,10,5,41,9707
1978,2,11,6,42,6805
1978,2,12,7,43,6354
1978,2,13,1,44,9420
1978,2,14,2,45,9308
1978,2,15,3,46,9245
1978,2,16,4,47,9392
1978,2,17,5,48,9765
1978,2,18,6,49,6836
1978,2,19,7,50,6057
1978,2,20,1,51,9533
1978,2,21,2,52,9505
1978,2,22,3,53,9253
1978,2,23,4,54,9585
1978,2,24,5,55,9760
1978,2,25,6,56,6942
1978,2,26,7,57,6223
1978,2,27,1,58,9419
1978,2,28,2,59,9634
1978,3,1,3,60,9775
1978,3,2,4,61,9613
1978,3,3,5,62,9766
1978,3,4,6,63,6800
1978,3,5,7,64,6384
1978,3,6,1,65,9846
1978,3,7,2,66,10044
1978,3,8,3,67,9587
1978,3,9,4,68,9880
1978,3,10,5,69,9865
1978,3,11,6,70,6883
1978,3,12,7,71,6665
1978,3,13,1,72,9976
1978,3,14,2,73,9793
1978,3,15,3,74,9881
1978,3,16,4,75,9228
1978,3,17,5,76,9947
1978,3,18,6,77,7015
1978,3,19,7,78,6546
1978,3,20,1,79,9716
1978,3,21,2,80,9442
1978,3,22,3,81,9560
1978,3,23,4,82,9764
1978,3,24,5,83,10066
1978,3,25,6,84,6906
1978,3,26,7,85,6454
1978,3,27,1,86,9609
1978,3,28,2,87,9964
1978,3,29,3,88,9659
1978,3,30,4,89,9604
1978,3,31,5,90,9892
1978,4,1,6,91,7242
1978,4,2,7,92,6999
1978,4,3,1,93,9798
1978,4,4,2,94,9966
1978,4,5,3,95,9754
1978,4,6,4,96,9661
1978,4,7,5,97,10078
1978,4,8,6,98,7271
1978,4,9,7,99,6825
1978,4,10,1,100,9882
1978,4,11,2,101,9770
1978,4,12,3,102,9749
1978,4,13,4,103,9863
1978,4,14,5,104,9880
1978,4,15,6,105,7195
1978,4,16,7,106,6897
1978,4,17,1,107,10264
1978,4,18,2,108,10056
1978,4,19,3,109,9871
1978,4,20,4,110,9911
1978,4,21,5,111,9679
1978,4,22,6,112,7220
1978,4,23,7,113,6835
1978,4,24,1,114,10368
1978,4,25,2,115,9990
1978,4,26,3,116,9879
1978,4,27,4,117,9918
1978,4,28,5,118,9814
1978,4,29,6,119,7430
1978,4,30,7,120,6960
1978,5,1,1,121,10232
1978,5,2,2,122,10026
1978,5,3,3,123,10242
1978,5,4,4,124,9837
1978,5,5,5,125,10295
1978,5,6,6,126,7783
1978,5,7,7,127,6811
1978,5,8,1,128,9987
1978,5,9,2,129,10207
1978,5,10,3,130,9899
1978,5,11,4,131,9810
1978,5,12,5,132,10202
1978,5,13,6,133,7198
1978,5,14,7,134,7074
1978,5,15,1,135,9924
1978,5,16,2,136,10468
1978,5,17,3,137,9848
1978,5,18,4,138,10031
1978,5,19,5,139,10336
1978,5,20,6,140,7168
1978,5,21,7,141,7030
1978,5,22,1,142,10324
1978,5,23,2,143,9900
1978,5,24,3,144,10022
1978,5,25,4,145,10136
1978,5,26,5,146,10330
1978,5,27,6,147,7167
1978,5,28,7,148,6752
1978,5,29,1,149,10183
1978,5,30,2,150,10243
1978,5,31,3,151,10034
1978,6,1,4,152,10212
1978,6,2,5,153,10127
1978,6,3,6,154,7491
1978,6,4,7,155,7102
1978,6,5,1,156,10021
1978,6,6,2,157,10585
1978,6,7,3,158,10135
1978,6,8,4,159,9935
1978,6,9,5,160,10368
1978,6,10,6,161,7274
1978,6,11,7,162,7191
1978,6,12,1,163,10358
1978,6,13,2,164,10102
1978,6,14,3,165,10223
1978,6,15,4,166,10224
1978,6,16,5,167,10397
1978,6,17,6,168,7791
1978,6,18,7,169,7005
1978,6,19,1,170,10014
1978,6,20,2,171,10089
1978,6,21,3,172,9903
1978,6,22,4,173,10136
1978,6,23,5,174,10311
1978,6,24,6,175,7499
1978,6,25,7,176,7198
1978,6,26,1,177,10152
1978,6,27,2,178,10511
1978,6,28,3,179,10002
1978,6,29,4,180,10639
1978,6,30,5,181,10362
1978,7,1,6,182,7235
1978,7,2,7,183,6796
1978,7,3,1,184,10176
1978,7,4,2,185,7104
1978,7,5,3,186,10118
1978,7,6,4,187,10174
1978,7,7,5,188,10176
1978,7,8,6,189,7237
1978,7,9,7,190,6717
1978,7,10,1,191,10009
1978,7,11,2,192,10343
1978,7,12,3,193,10028
1978,7,13,4,194,9865
1978,7,14,5,195,10220
1978,7,15,6,196,7459
1978,7,16,7,197,6830
1978,7,17,1,198,10117
1978,7,18,2,199,10200
1978,7,19,3,200,9783
1978,7,20,4,201,10154
1978,7,21,5,202,10290
1978,7,22,6,203,7584
1978,7,23,7,204,7179
1978,7,24,1,205,9841
1978,7,25,2,206,10020
1978,7,26,3,207,10082
1978,7,27,4,208,10182
1978,7,28,5,209,10282
1978,7,29,6,210,8083
1978,7,30,7,211,7092
1978,7,31,1,212,10294
1978,8,1,2,213,10196
1978,8,2,3,214,9942
1978,8,3,4,215,9868
1978,8,4,5,216,10161
1978,8,5,6,217,7085
1978,8,6,7,218,6782
1978,8,7,1,219,9837
1978,8,8,2,220,10039
1978,8,9,3,221,10241
1978,8,10,4,222,9588
1978,8,11,5,223,10148
1978,8,12,6,224,6934
1978,8,13,7,225,6740
1978,8,14,1,226,10121
1978,8,15,2,227,10036
1978,8,16,3,228,9631
1978,8,17,4,229,9796
1978,8,18,5,230,10147
1978,8,19,6,231,7093
1978,8,20,7,232,6863
1978,8,21,1,233,9933
1978,8,22,2,234,9907
1978,8,23,3,235,10210
1978,8,24,4,236,10039
1978,8,25,5,237,9660
1978,8,26,6,238,7258
1978,8,27,7,239,6705
1978,8,28,1,240,10078
1978,8,29,2,241,9882
1978,8,30,3,242,9804
1978,8,31,4,243,10015
1978,9,1,5,244,9955
1978,9,2,6,245,6783
1978,9,3,7,246,6539
1978,9,4,1,247,9614
1978,9,5,2,248,9682
1978,9,6,3,249,9917
1978,9,7,4,250,9772
1978,9,8,5,251,9573
1978,9,9,6,252,7165
1978,9,10,7,253,6981
1978,9,11,1,254,9885
1978,9,12,2,255,9526
1978,9,13,3,256,9512
1978,9,14,4,257,9928
1978,9,15,5,258,9672
1978,9,16,6,259,7079
1978,9,17,7,260,6739
1978,9,18,1,261,9533
1978,9,19,2,262,9789
1978,9,20,3,263,9016
1978,9,21,4,264,9515
1978,9,22,5,265,9754
1978,9,23,6,266,6775
1978,9,24,7,267,6893
1978,9,25,1,268,9442
1978,9,26,2,269,9720
1978,9,27,3,270,9623
1978,9,28,4,271,9959
1978,9,29,5,272,9541
1978,9,30,6,273,7209
1978,10,1,7,274,6376
1978,10,2,1,275,9298
1978,10,3,2,276,9658
1978,10,4,3,277,9410
1978,10,5,4,278,9366
1978,10,6,5,279,9587
1978,10,7,6,280,6705
1978,10,8,7,281,6395
1978,10,9,1,282,9594
1978,10,10,2,283,9860
1978,10,11,3,284,9152
1978,10,12,4,285,9858
1978,10,13,5,286,9223
1978,10,14,6,287,6747
1978,10,15,7,288,6480
1978,10,16,1,289,9525
1978,10,17,2,290,9462
1978,10,18,3,291,9337
1978,10,19,4,292,9386
1978,10,20,5,293,9468
1978,10,21,6,294,6927
1978,10,22,7,295,6439
1978,10,23,1,296,9350
1978,10,24,2,297,9736
1978,10,25,3,298,9430
1978,10,26,4,299,9621
1978,10,27,5,300,9688
1978,10,28,6,301,6625
1978,10,29,7,302,6274
1978,10,30,1,303,9609
1978,10,31,2,304,9684
1978,11,1,3,305,9206
1978,11,2,4,306,9331
1978,11,3,5,307,9640
1978,11,4,6,308,6503
1978,11,5,7,309,6308
1978,11,6,1,310,9273
1978,11,7,2,311,9371
1978,11,8,3,312,9408
1978,11,9,4,313,9458
1978,11,10,5,314,9556
1978,11,11,6,315,6845
1978,11,12,7,316,6214
1978,11,13,1,317,9433
1978,11,14,2,318,9354
1978,11,15,3,319,9268
1978,11,16,4,320,9286
1978,11,17,5,321,9427
1978,11,18,6,322,6717
1978,11,19,7,323,6063
1978,11,20,1,324,9686
1978,11,21,2,325,9229
1978,11,22,3,326,8991
1978,11,23,4,327,6472
1978,11,24,5,328,9552
1978,11,25,6,329,6722
1978,11,26,7,330,6323
1978,11,27,1,331,9308
1978,11,28,2,332,9248
1978,11,29,3,333,9223
1978,11,30,4,334,9188
1978,12,1,5,335,9525
1978,12,2,6,336,6523
1978,12,3,7,337,6001
1978,12,4,1,338,9192
1978,12,5,2,339,9424
1978,12,6,3,340,9048
1978,12,7,4,341,9102
1978,12,8,5,342,9393
1978,12,9,6,343,6594
1978,12,10,7,344,6058
1978,12,11,1,345,9165
1978,12,12,2,346,9391
1978,12,13,3,347,8889
1978,12,14,4,348,8996
1978,12,15,5,349,9220
1978,12,16,6,350,6511
1978,12,17,7,351,6205
1978,12,18,1,352,9515
1978,12,19,2,353,9504
1978,12,20,3,354,9121
1978,12,21,4,355,9246
1978,12,22,5,356,9169
1978,12,23,6,357,6546
1978,12,24,7,358,6098
1978,12,25,1,359,6050
1978,12,26,2,360,9201
1978,12,27,3,361,9243
1978,12,28,4,362,9525
1978,12,29,5,363,9330
1978,12,30,6,364,6622
1978,12,31,7,365,6274
1979,1,1,1,1,6737
1979,1,2,2,2,9570
1979,1,3,3,3,9332
1979,1,4,4,4,9447
1979,1,5,5,5,9391
1979,1,6,6,6,6734
1979,1,7,7,7,6419
1979,1,8,1,8,9691
1979,1,9,2,9,9702
1979,1,10,3,10,9717
1979,1,11,4,11,9292
1979,1,12,5,12,9687
1979,1,13,6,13,6763
1979,1,14,7,14,6724
1979,1,15,1,15,9284
1979,1,16,2,16,9379
1979,1,17,3,17,9222
1979,1,18,4,18,9047
1979,1,19,5,19,9435
1979,1,20,6,20,6593
1979,1,21,7,21,6357
1979,1,22,1,22,9491
1979,1,23,2,23,9867
1979,1,24,3,24,9501
1979,1,25,4,25,9326
1979,1,26,5,26,9368
1979,1,27,6,27,6818
1979,1,28,7,28,6092
1979,1,29,1,29,9759
1979,1,30,2,30,9742
1979,1,31,3,31,9245
1979,2,1,4,32,9286
1979,2,2,5,33,9938
1979,2,3,6,34,6874
1979,2,4,7,35,6717
1979,2,5,1,36,9308
1979,2,6,2,37,9587
1979,2,7,3,38,9495
1979,2,8,4,39,9603
1979,2,9,5,40,9613
1979,2,10,6,41,7007
1979,2,11,7,42,6302
1979,2,12,1,43,9569
1979,2,13,2,44,9716
1979,2,14,3,45,9587
1979,2,15,4,46,9723
1979,2,16,5,47,9492
1979,2,17,6,48,6618
1979,2,18,7,49,6724
1979,2,19,1,50,9654
1979,2,20,2,51,9560
1979,2,21,3,52,9774
1979,2,22,4,53,9615
1979,2,23,5,54,9907
1979,2,24,6,55,6907
1979,2,25,7,56,6865
1979,2,26,1,57,9910
1979,2,27,2,58,9650
1979,2,28,3,59,9669
1979,3,1,4,60,9936
1979,3,2,5,61,10166
1979,3,3,6,62,6946
1979,3,4,7,63,6843
1979,3,5,1,64,10010
1979,3,6,2,65,9603
1979,3,7,3,66,9507
1979,3,8,4,67,9452
1979,3,9,5,68,9871
1979,3,10,6,69,7249
1979,3,11,7,70,6990
1979,3,12,1,71,9833
1979,3,13,2,72,10213
1979,3,14,3,73,9471
1979,3,15,4,74,9513
1979,3,16,5,75,9910
1979,3,17,6,76,7189
1979,3,18,7,77,6714
1979,3,19,1,78,9447
1979,3,20,2,79,9903
1979,3,21,3,80,9485
1979,3,22,4,81,9940
1979,3,23,5,82,9985
1979,3,24,6,83,6950
1979,3,25,7,84,6627
1979,3,26,1,85,9629
1979,3,27,2,86,9908
1979,3,28,3,87,9891
1979,3,29,4,88,9642
1979,3,30,5,89,10010
1979,3,31,6,90,7024
1979,4,1,7,91,6802
1979,4,2,1,92,10025
1979,4,3,2,93,9958
1979,4,4,3,94,9845
1979,4,5,4,95,9829
1979,4,6,5,96,10498
1979,4,7,6,97,7351
1979,4,8,7,98,6819
1979,4,9,1,99,10083
1979,4,10,2,100,10124
1979,4,11,3,101,9905
1979,4,12,4,102,10155
1979,4,13,5,103,10281
1979,4,14,6,104,7249
1979,4,15,7,105,6841
1979,4,16,1,106,9995
1979,4,17,2,107,9730
1979,4,18,3,108,9672
1979,4,19,4,109,10291
1979,4,20,5,110,10441
1979,4,21,6,111,7300
1979,4,22,7,112,7048
1979,4,23,1,113,10101
1979,4,24,2,114,10699
1979,4,25,3,115,10146
1979,4,26,4,116,10021
1979,4,27,5,117,9973
1979,4,28,6,118,7055
1979,4,29,7,119,6981
1979,4,30,1,120,9908
1979,5,1,2,121,10053
1979,5,2,3,122,9993
1979,5,3,4,123,10015
1979,5,4,5,124,10613
1979,5,5,6,125,7668
1979,5,6,7,126,7108
1979,5,7,1,127,10476
1979,5,8,2,128,10323
1979,5,9,3,129,9954
1979,5,10,4,130,10483
1979,5,11,5,131,10406
1979,5,12,6,132,7323
1979,5,13,7,133,7075
1979,5,14,1,134,10052
1979,5,15,2,135,10060
1979,5,16,3,136,10276
1979,5,17,4,137,10553
1979,5,18,5,138,10057
1979,5,19,6,139,7611
1979,5,20,7,140,6992
1979,5,21,1,141,10122
1979,5,22,2,142,10203
1979,5,23,3,143,9954
1979,5,24,4,144,10218
1979,5,25,5,145,10160
1979,5,26,6,146,7558
1979,5,27,7,147,7100
1979,5,28,1,148,10166
1979,5,29,2,149,10146
1979,5,30,3,150,10005
1979,5,31,4,151,10345
1979,6,1,5,152,10460
1979,6,2,6,153,7394
1979,6,3,7,154,7187
1979,6,4,1,155,10405
1979,6,5,2,156,10069
1979,6,6,3,157,10267
1979,6,7,4,158,10150
1979,6,8,5,159,10472
1979,6,9,6,160,7432
1979,6,10,7,161,6845
1979,6,11,1,162,9977
1979,6,12,2,163,10378
1979,6,13,3,164,10216
1979,6,14,4,165,10107
1979,6,15,5,166,10484
1979,6,16,6,167,7270
1979,6,17,7,168,7158
1979,6,18,1,169,10052
1979,6,19,2,170,10252
1979,6,20,3,171,10178
1979,6,21,4,172,10115
1979,6,22,5,173,10300
1979,6,23,6,174,7751
1979,6,24,7,175,7066
1979,6,25,1,176,10420
1979,6,26,2,177,10166
1979,6,27,3,178,10265
1979,6,28,4,179,10529
1979,6,29,5,180,9925
1979,6,30,6,181,7426
1979,7,1,7,182,7213
1979,7,2,1,183,10173
1979,7,3,2,184,10376
1979,7,4,3,185,7000
1979,7,5,4,186,10225
1979,7,6,5,187,10281
1979,7,7,6,188,7719
1979,7,8,7,189,7155
1979,7,9,1,190,10270
1979,7,10,2,191,10235
1979,7,11,3,192,10021
1979,7,12,4,193,10131
1979,7,13,5,194,10380
1979,7,14,6,195,7433
1979,7,15,7,196,7161
1979,7,16,1,197,10583
1979,7,17,2,198,10466
1979,7,18,3,199,10051
1979,7,19,4,200,10425
1979,7,20,5,201,10236
1979,7,21,6,202,7142
1979,7,22,7,203,6928
1979,7,23,1,204,9872
1979,7,24,2,205,10246
1979,7,25,3,206,10113
1979,7,26,4,207,10511
1979,7,27,5,208,10368
1979,7,28,6,209,7470
1979,7,29,7,210,7259
1979,7,30,1,211,9811
1979,7,31,2,212,10352
1979,8,1,3,213,10083
1979,8,2,4,214,9778
1979,8,3,5,215,10350
1979,8,4,6,216,7405
1979,8,5,7,217,6870
1979,8,6,1,218,10158
1979,8,7,2,219,10553
1979,8,8,3,220,9977
1979,8,9,4,221,10089
1979,8,10,5,222,10062
1979,8,11,6,223,7192
1979,8,12,7,224,7094
1979,8,13,1,225,9890
1979,8,14,2,226,10157
1979,8,15,3,227,9859
1979,8,16,4,228,10131
1979,8,17,5,229,10205
1979,8,18,6,230,7531
1979,8,19,7,231,6853
1979,8,20,1,232,9996
1979,8,21,2,233,9968
1979,8,22,3,234,9865
1979,8,23,4,235,10112
1979,8,24,5,236,10281
1979,8,25,6,237,7179
1979,8,26,7,238,7101
1979,8,27,1,239,10289
1979,8,28,2,240,10219
1979,8,29,3,241,10282
1979,8,30,4,242,9905
1979,8,31,5,243,9920
1979,9,1,6,244,6799
1979,9,2,7,245,6989
1979,9,3,1,246,9937
1979,9,4,2,247,9909
1979,9,5,3,248,9770
1979,9,6,4,249,9617
1979,9,7,5,250,10360
1979,9,8,6,251,7143
1979,9,9,7,252,6739
1979,9,10,1,253,9950
1979,9,11,2,254,10006
1979,9,12,3,255,9760
1979,9,13,4,256,9677
1979,9,14,5,257,10004
1979,9,15,6,258,7458
1979,9,16,7,259,6962
1979,9,17,1,260,10106
1979,9,18,2,261,9827
1979,9,19,3,262,9541
1979,9,20,4,263,9797
1979,9,21,5,264,9930
1979,9,22,6,265,7316
1979,9,23,7,266,6415
1979,9,24,1,267,10095
1979,9,25,2,268,9891
1979,9,26,3,269,9643
1979,9,27,4,270,9637
1979,9,28,5,271,9622
1979,9,29,6,272,7268
1979,9,30,7,273,6733
1979,10,1,1,274,9362
1979,10,2,2,275,9461
1979,10,3,3,276,9434
1979,10,4,4,277,9895
1979,10,5,5,278,9648
1979,10,6,6,279,6624
1979,10,7,7,280,6450
1979,10,8,1,281,9545
1979,10,9,2,282,9209
1979,10,10,3,283,9485
1979,10,11,4,284,9553
1979,10,12,5,285,9820
1979,10,13,6,286,7227
1979,10,14,7,287,6697
1979,10,15,1,288,9546
1979,10,16,2,289,9495
1979,10,17,3,290,9958
1979,10,18,4,291,9605
1979,10,19,5,292,9697
1979,10,20,6,293,6890
1979,10,21,7,294,6530
1979,10,22,1,295,9569
1979,10,23,2,296,9591
1979,10,24,3,297,9396
1979,10,25,4,298,9589
1979,10,26,5,299,9597
1979,10,27,6,300,6766
1979,10,28,7,301,6514
1979,10,29,1,302,9549
1979,10,30,2,303,9965
1979,10,31,3,304,9017
1979,11,1,4,305,9626
1979,11,2,5,306,9754
1979,11,3,6,307,6357
1979,11,4,7,308,6268
1979,11,5,1,309,9363
1979,11,6,2,310,9276
1979,11,7,3,311,9190
1979,11,8,4,312,9230
1979,11,9,5,313,9845
1979,11,10,6,314,6898
1979,11,11,7,315,6559
1979,11,12,1,316,9560
1979,11,13,2,317,9327
1979,11,14,3,318,9235
1979,11,15,4,319,9518
1979,11,16,5,320,9310
1979,11,17,6,321,6858
1979,11,18,7,322,6287
1979,11,19,1,323,9362
1979,11,20,2,324,9658
1979,11,21,3,325,9410
1979,11,22,4,326,6368
1979,11,23,5,327,9738
1979,11,24,6,328,6535
1979,11,25,7,329,6441
1979,11,26,1,330,9537
1979,11,27,2,331,9474
1979,11,28,3,332,9388
1979,11,29,4,333,9205
1979,11,30,5,334,9696
1979,12,1,6,335,6636
1979,12,2,7,336,6175
1979,12,3,1,337,9558
1979,12,4,2,338,9343
1979,12,5,3,339,9016
1979,12,6,4,340,9089
1979,12,7,5,341,9579
1979,12,8,6,342,6439
1979,12,9,7,343,6585
1979,12,10,1,344,8995
1979,12,11,2,345,9775
1979,12,12,3,346,9307
1979,12,13,4,347,9352
1979,12,14,5,348,9371
1979,12,15,6,349,6741
1979,12,16,7,350,6263
1979,12,17,1,351,9568
1979,12,18,2,352,9490
1979,12,19,3,353,9297
1979,12,20,4,354,9304
1979,12,21,5,355,9459
1979,12,22,6,356,6725
1979,12,23,7,357,5962
1979,12,24,1,358,9127
1979,12,25,2,359,6241
1979,12,26,3,360,9300
1979,12,27,4,361,9336
1979,12,28,5,362,9473
1979,12,29,6,363,6732
1979,12,30,7,364,6172
1979,12,31,1,365,9229
1980,1,1,2,1,6973
1980,1,2,3,2,9274
1980,1,3,4,3,9623
1980,1,4,5,4,9343
1980,1,5,6,5,7035
1980,1,6,7,6,6535
1980,1,7,1,7,9596
1980,1,8,2,8,9827
1980,1,9,3,9,9750
1980,1,10,4,10,9732
1980,1,11,5,11,9318
1980,1,12,6,12,6619
1980,1,13,7,13,6337
1980,1,14,1,14,9554
1980,1,15,2,15,9743
1980,1,16,3,16,9319
1980,1,17,4,17,9583
1980,1,18,5,18,9514
1980,1,19,6,19,6740
1980,1,20,7,20,6197
1980,1,21,1,21,9384
1980,1,22,2,22,9406
1980,1,23,3,23,9274
1980,1,24,4,24,9739
1980,1,25,5,25,9479
1980,1,26,6,26,7324
1980,1,27,7,27,6539
1980,1,28,1,28,9583
1980,1,29,2,29,9495
1980,1,30,3,30,9576
1980,1,31,4,31,9446
1980,2,1,5,32,9836
1980,2,2,6,33,7475
1980,2,3,7,34,6597
1980,2,4,1,35,9921
1980,2,5,2,36,9688
1980,2,6,3,37,9608
1980,2,7,4,38,10033
1980,2,8,5,39,9702
1980,2,9,6,40,7341
1980,2,10,7,41,6742
1980,2,11,1,42,9613
1980,2,12,2,43,9928
1980,2,13,3,44,9790
1980,2,14,4,45,9826
1980,2,15,5,46,9532
1980,2,16,6,47,6884
1980,2,17,7,48,6570
1980,2,18,1,49,9701
1980,2,19,2,50,9926
1980,2,20,3,51,9646
1980,2,21,4,52,9474
1980,2,22,5,53,9883
1980,2,23,6,54,7124
1980,2,24,7,55,6715
1980,2,25,1,56,9909
1980,2,26,2,57,9965
1980,2,27,3,58,9697
1980,2,28,4,59,9702
1980,2,29,5,60,9516
1980,3,1,6,61,7317
1980,3,2,7,62,6877
1980,3,3,1,63,9988
1980,3,4,2,64,9810
1980,3,5,3,65,9645
1980,3,6,4,66,10129
1980,3,7,5,67,10032
1980,3,8,6,68,7362
1980,3,9,7,69,6845
1980,3,10,1,70,9945
1980,3,11,2,71,10208
1980,3,12,3,72,9747
1980,3,13,4,73,9957
1980,3,14,5,74,9956
1980,3,15,6,75,7161
1980,3,16,7,76,6784
1980,3,17,1,77,9979
1980,3,18,2,78,9953
1980,3,19,3,79,10066
1980,3,20,4,80,9778
1980,3,21,5,81,10006
1980,3,22,6,82,7160
1980,3,23,7,83,7100
1980,3,24,1,84,9975
1980,3,25,2,85,10225
1980,3,26,3,86,9572
1980,3,27,4,87,9988
1980,3,28,5,88,10200
1980,3,29,6,89,7254
1980,3,30,7,90,7031
1980,3,31,1,91,9846
1980,4,1,2,92,10518
1980,4,2,3,93,10478
1980,4,3,4,94,10099
1980,4,4,5,95,10184
1980,4,5,6,96,7726
1980,4,6,7,97,7349
1980,4,7,1,98,10070
1980,4,8,2,99,10189
1980,4,9,3,100,10014
1980,4,10,4,101,9922
1980,4,11,5,102,10099
1980,4,12,6,103,7284
1980,4,13,7,104,6926
1980,4,14,1,105,10158
1980,4,15,2,106,10307
1980,4,16,3,107,10344
1980,4,17,4,108,9985
1980,4,18,5,109,10442
1980,4,19,6,110,7426
1980,4,20,7,111,7056
1980,4,21,1,112,10286
1980,4,22,2,113,10062
1980,4,23,3,114,10133
1980,4,24,4,115,10194
1980,4,25,5,116,10353
1980,4,26,6,117,7517
1980,4,27,7,118,7506
1980,4,28,1,119,10050
1980,4,29,2,120,10169
1980,4,30,3,121,9952
1980,5,1,4,122,10229
1980,5,2,5,123,10314
1980,5,3,6,124,7843
1980,5,4,7,125,7485
1980,5,5,1,126,10226
1980,5,6,2,127,10279
1980,5,7,3,128,10314
1980,5,8,4,129,10230
1980,5,9,5,130,10543
1980,5,10,6,131,7666
1980,5,11,7,132,6956
1980,5,12,1,133,10608
1980,5,13,2,134,10752
1980,5,14,3,135,10119
1980,5,15,4,136,10259
1980,5,16,5,137,10481
1980,5,17,6,138,7689
1980,5,18,7,139,7348
1980,5,19,1,140,10691
1980,5,20,2,141,10397
1980,5,21,3,142,10086
1980,5,22,4,143,10081
1980,5,23,5,144,10298
1980,5,24,6,145,7623
1980,5,25,7,146,7552
1980,5,26,1,147,10236
1980,5,27,2,148,10469
1980,5,28,3,149,10226
1980,5,29,4,150,10543
1980,5,30,5,151,10884
1980,5,31,6,152,7534
1980,6,1,7,153,7201
1980,6,2,1,154,10577
1980,6,3,2,155,10612
1980,6,4,3,156,10622
1980,6,5,4,157,10495
1980,6,6,5,158,10425
1980,6,7,6,159,7796
1980,6,8,7,160,7489
1980,6,9,1,161,10537
1980,6,10,2,162,10581
1980,6,11,3,163,10482
1980,6,12,4,164,10600
1980,6,13,5,165,10738
1980,6,14,6,166,7806
1980,6,15,7,167,7259
1980,6,16,1,168,10416
1980,6,17,2,169,10707
1980,6,18,3,170,10142
1980,6,19,4,171,10456
1980,6,20,5,172,10419
1980,6,21,6,173,7695
1980,6,22,7,174,7520
1980,6,23,1,175,10424
1980,6,24,2,176,10498
1980,6,25,3,177,10045
1980,6,26,4,178,10524
1980,6,27,5,179,10606
1980,6,28,6,180,8079
1980,6,29,7,181,7234
1980,6,30,1,182,10429
1980,7,1,2,183,10474
1980,7,2,3,184,10513
1980,7,3,4,185,10312
1980,7,4,5,186,7335
1980,7,5,6,187,7739
1980,7,6,7,188,7263
1980,7,7,1,189,10249
1980,7,8,2,190,10464
1980,7,9,3,191,10422
1980,7,10,4,192,10144
1980,7,11,5,193,10453
1980,7,12,6,194,7503
1980,7,13,7,195,7444
1980,7,14,1,196,10055
1980,7,15,2,197,10329
1980,7,16,3,198,10297
1980,7,17,4,199,10611
1980,7,18,5,200,10417
1980,7,19,6,201,7529
1980,7,20,7,202,7568
1980,7,21,1,203,10069
1980,7,22,2,204,10033
1980,7,23,3,205,10308
1980,7,24,4,206,10239
1980,7,25,5,207,10245
1980,7,26,6,208,7757
1980,7,27,7,209,7273
1980,7,28,1,210,10228
1980,7,29,2,211,10199
1980,7,30,3,212,10386
1980,7,31,4,213,10446
1980,8,1,5,214,10247
1980,8,2,6,215,7797
1980,8,3,7,216,6872
1980,8,4,1,217,9890
1980,8,5,2,218,10140
1980,8,6,3,219,10056
1980,8,7,4,220,10208
1980,8,8,5,221,10221
1980,8,9,6,222,7528
1980,8,10,7,223,6839
1980,8,11,1,224,10424
1980,8,12,2,225,10250
1980,8,13,3,226,10266
1980,8,14,4,227,10226
1980,8,15,5,228,10347
1980,8,16,6,229,7567
1980,8,17,7,230,7145
1980,8,18,1,231,10280
1980,8,19,2,232,10504
1980,8,20,3,233,10100
1980,8,21,4,234,10292
1980,8,22,5,235,10248
1980,8,23,6,236,7724
1980,8,24,7,237,6943
1980,8,25,1,238,10489
1980,8,26,2,239,10257
1980,8,27,3,240,9807
1980,8,28,4,241,10188
1980,8,29,5,242,10142
1980,8,30,6,243,7616
1980,8,31,7,244,6947
1980,9,1,1,245,9859
1980,9,2,2,246,9699
1980,9,3,3,247,9758
1980,9,4,4,248,9503
1980,9,5,5,249,9754
1980,9,6,6,250,7376
1980,9,7,7,251,6981
1980,9,8,1,252,10016
1980,9,9,2,253,9865
1980,9,10,3,254,9831
1980,9,11,4,255,9939
1980,9,12,5,256,9831
1980,9,13,6,257,7510
1980,9,14,7,258,6997
1980,9,15,1,259,9900
1980,9,16,2,260,10044
1980,9,17,3,261,9877
1980,9,18,4,262,9572
1980,9,19,5,263,9995
1980,9,20,6,264,7117
1980,9,21,7,265,6659
1980,9,22,1,266,9889
1980,9,23,2,267,10363
1980,9,24,3,268,9955
1980,9,25,4,269,9837
1980,9,26,5,270,10143
1980,9,27,6,271,7491
1980,9,28,7,272,7006
1980,9,29,1,273,9950
1980,9,30,2,274,9923
1980,10,1,3,275,9740
1980,10,2,4,276,9785
1980,10,3,5,277,9976
1980,10,4,6,278,7129
1980,10,5,7,279,6803
1980,10,6,1,280,9618
1980,10,7,2,281,10052
1980,10,8,3,282,9650
1980,10,9,4,283,10088
1980,10,10,5,284,9690
1980,10,11,6,285,7327
1980,10,12,7,286,6650
1980,10,13,1,287,9597
1980,10,14,2,288,9727
1980,10,15,3,289,9557
1980,10,16,4,290,9791
1980,10,17,5,291,9909
1980,10,18,6,292,6911
1980,10,19,7,293,6610
1980,10,20,1,294,10100
1980,10,21,2,295,10125
1980,10,22,3,296,9693
1980,10,23,4,297,9721
1980,10,24,5,298,9836
1980,10,25,6,299,7125
1980,10,26,7,300,6430
1980,10,27,1,301,9668
1980,10,28,2,302,9514
1980,10,29,3,303,9686
1980,10,30,4,304,9831
1980,10,31,5,305,9728
1980,11,1,6,306,7133
1980,11,2,7,307,6229
1980,11,3,1,308,9286
1980,11,4,2,309,9690
1980,11,5,3,310,9638
1980,11,6,4,311,9853
1980,11,7,5,312,9567
1980,11,8,6,313,7044
1980,11,9,7,314,6443
1980,11,10,1,315,9519
1980,11,11,2,316,9809
1980,11,12,3,317,9567
1980,11,13,4,318,9266
1980,11,14,5,319,9916
1980,11,15,6,320,7098
1980,11,16,7,321,6337
1980,11,17,1,322,9621
1980,11,18,2,323,9739
1980,11,19,3,324,9497
1980,11,20,4,325,9451
1980,11,21,5,326,9529
1980,11,22,6,327,6845
1980,11,23,7,328,6661
1980,11,24,1,329,9648
1980,11,25,2,330,9583
1980,11,26,3,331,9589
1980,11,27,4,332,6145
1980,11,28,5,333,9857
1980,11,29,6,334,6537
1980,11,30,7,335,6385
1980,12,1,1,336,9288
1980,12,2,2,337,9356
1980,12,3,3,338,9598
1980,12,4,4,339,9405
1980,12,5,5,340,9652
1980,12,6,6,341,6781
1980,12,7,7,342,6475
1980,12,8,1,343,9503
1980,12,9,2,344,9359
1980,12,10,3,345,9569
1980,12,11,4,346,9401
1980,12,12,5,347,9309
1980,12,13,6,348,6712
1980,12,14,7,349,6660
1980,12,15,1,350,9643
1980,12,16,2,351,9527
1980,12,17,3,352,9327
1980,12,18,4,353,9432
1980,12,19,5,354,9963
1980,12,20,6,355,6858
1980,12,21,7,356,6467
1980,12,22,1,357,9675
1980,12,23,2,358,9632
1980,12,24,3,359,9343
1980,12,25,4,360,6145
1980,12,26,5,361,9577
1980,12,27,6,362,6783
1980,12,28,7,363,6520
1980,12,29,1,364,9499
1980,12,30,2,365,9721
1980,12,31,3,366,9375
1981,1,1,4,1,6972
1981,1,2,5,2,9410
1981,1,3,6,3,7135
1981,1,4,7,4,6632
1981,1,5,1,5,9849
1981,1,6,2,6,9248
1981,1,7,3,7,9946
1981,1,8,4,8,9645
1981,1,9,5,9,9969
1981,1,10,6,10,6783
1981,1,11,7,11,6680
1981,1,12,1,12,9480
1981,1,13,2,13,9658
1981,1,14,3,14,9914
1981,1,15,4,15,9635
1981,1,16,5,16,9809
1981,1,17,6,17,7126
1981,1,18,7,18,6659
1981,1,19,1,19,9697
1981,1,20,2,20,9835
1981,1,21,3,21,10002
1981,1,22,4,22,9659
1981,1,23,5,23,9806
1981,1,24,6,24,7159
1981,1,25,7,25,6769
1981,1,26,1,26,9883
1981,1,27,2,27,9885
1981,1,28,3,28,9364
1981,1,29,4,29,9964
1981,1,30,5,30,9563
1981,1,31,6,31,7024
1981,2,1,7,32,6599
1981,2,2,1,33,9823
1981,2,3,2,34,9994
1981,2,4,3,35,9792
1981,2,5,4,36,9910
1981,2,6,5,37,10225
1981,2,7,6,38,7216
1981,2,8,7,39,6691
1981,2,9,1,40,10008
1981,2,10,2,41,10149
1981,2,11,3,42,9514
1981,2,12,4,43,9942
1981,2,13,5,44,10061
1981,2,14,6,45,7081
1981,2,15,7,46,6982
1981,2,16,1,47,9807
1981,2,17,2,48,9957
1981,2,18,3,49,9703
1981,2,19,4,50,9837
1981,2,20,5,51,9737
1981,2,21,6,52,6875
1981,2,22,7,53,7022
1981,2,23,1,54,9682
1981,2,24,2,55,9756
1981,2,25,3,56,9347
1981,2,26,4,57,9719
1981,2,27,5,58,9696
1981,2,28,6,59,7430
1981,3,1,7,60,7141
1981,3,2,1,61,9936
1981,3,3,2,62,10565
1981,3,4,3,63,10136
1981,3,5,4,64,10001
1981,3,6,5,65,9710
1981,3,7,6,66,7772
1981,3,8,7,67,6709
1981,3,9,1,68,9763
1981,3,10,2,69,10344
1981,3,11,3,70,10399
1981,3,12,4,71,10309
1981,3,13,5,72,10261
1981,3,14,6,73,7467
1981,3,15,7,74,7113
1981,3,16,1,75,10196
1981,3,17,2,76,10210
1981,3,18,3,77,9978
1981,3,19,4,78,10048
1981,3,20,5,79,10024
1981,3,21,6,80,7309
1981,3,22,7,81,6655
1981,3,23,1,82,10042
1981,3,24,2,83,9982
1981,3,25,3,84,9761
1981,3,26,4,85,10092
1981,3,27,5,86,10410
1981,3,28,6,87,7525
1981,3,29,7,88,6677
1981,3,30,1,89,9881
1981,3,31,2,90,10329
1981,4,1,3,91,10008
1981,4,2,4,92,10244
1981,4,3,5,93,10484
1981,4,4,6,94,7410
1981,4,5,7,95,7203
1981,4,6,1,96,10044
1981,4,7,2,97,10276
1981,4,8,3,98,10242
1981,4,9,4,99,9998
1981,4,10,5,100,10464
1981,4,11,6,101,7581
1981,4,12,7,102,7284
1981,4,13,1,103,10325
1981,4,14,2,104,10630
1981,4,15,3,105,10207
1981,4,16,4,106,10207
1981,4,17,5,107,10407
1981,4,18,6,108,7682
1981,4,19,7,109,7193
1981,4,20,1,110,10292
1981,4,21,2,111,10258
1981,4,22,3,112,10065
1981,4,23,4,113,10032
1981,4,24,5,114,10699
1981,4,25,6,115,7361
1981,4,26,7,116,7060
1981,4,27,1,117,10155
1981,4,28,2,118,10546
1981,4,29,3,119,10131
1981,4,30,4,120,10509
1981,5,1,5,121,10428
1981,5,2,6,122,7799
1981,5,3,7,123,7199
1981,5,4,1,124,10835
1981,5,5,2,125,10335
1981,5,6,3,126,10405
1981,5,7,4,127,10563
1981,5,8,5,128,10624
1981,5,9,6,129,7716
1981,5,10,7,130,7326
1981,5,11,1,131,10457
1981,5,12,2,132,10523
1981,5,13,3,133,10523
1981,5,14,4,134,10847
1981,5,15,5,135,10449
1981,5,16,6,136,7503
1981,5,17,7,137,7333
1981,5,18,1,138,10914
1981,5,19,2,139,10405
1981,5,20,3,140,10644
1981,5,21,4,141,10751
1981,5,22,5,142,10450
1981,5,23,6,143,7852
1981,5,24,7,144,7642
1981,5,25,1,145,10381
1981,5,26,2,146,10513
1981,5,27,3,147,10245
1981,5,28,4,148,10267
1981,5,29,5,149,10432
1981,5,30,6,150,7529
1981,5,31,7,151,7355
1981,6,1,1,152,10371
1981,6,2,2,153,10652
1981,6,3,3,154,10129
1981,6,4,4,155,10569
1981,6,5,5,156,10760
1981,6,6,6,157,7451
1981,6,7,7,158,7477
1981,6,8,1,159,10730
1981,6,9,2,160,10392
1981,6,10,3,161,10711
1981,6,11,4,162,10585
1981,6,12,5,163,10483
1981,6,13,6,164,7799
1981,6,14,7,165,7510
1981,6,15,1,166,10523
1981,6,16,2,167,10706
1981,6,17,3,168,10244
1981,6,18,4,169,10540
1981,6,19,5,170,10355
1981,6,20,6,171,7789
1981,6,21,7,172,7247
1981,6,22,1,173,10377
1981,6,23,2,174,10832
1981,6,24,3,175,10606
1981,6,25,4,176,10619
1981,6,26,5,177,10413
1981,6,27,6,178,7753
1981,6,28,7,179,7628
1981,6,29,1,180,10535
1981,6,30,2,181,11027
1981,7,1,3,182,10420
1981,7,2,4,183,10484
1981,7,3,5,184,10494
1981,7,4,6,185,5441
1981,7,5,7,186,7322
1981,7,6,1,187,10577
1981,7,7,2,188,10721
1981,7,8,3,189,10208
1981,7,9,4,190,10210
1981,7,10,5,191,10219
1981,7,11,6,192,7841
1981,7,12,7,193,7151
1981,7,13,1,194,10062
1981,7,14,2,195,10619
1981,7,15,3,196,10798
1981,7,16,4,197,10448
1981,7,17,5,198,10700
1981,7,18,6,199,7764
1981,7,19,7,200,7331
1981,7,20,1,201,10615
1981,7,21,2,202,10497
1981,7,22,3,203,10397
1981,7,23,4,204,10507
1981,7,24,5,205,10429
1981,7,25,6,206,7928
1981,7,26,7,207,7318
1981,7,27,1,208,10313
1981,7,28,2,209,10646
1981,7,29,3,210,10187
1981,7,30,4,211,10454
1981,7,31,5,212,10548
1981,8,1,6,213,7780
1981,8,2,7,214,7270
1981,8,3,1,215,10280
1981,8,4,2,216,10532
1981,8,5,3,217,10435
1981,8,6,4,218,10385
1981,8,7,5,219,10386
1981,8,8,6,220,7348
1981,8,9,7,221,6993
1981,8,10,1,222,10230
1981,8,11,2,223,10275
1981,8,12,3,224,10151
1981,8,13,4,225,10295
1981,8,14,5,226,10480
1981,8,15,6,227,7572
1981,8,16,7,228,7272
1981,8,17,1,229,10296
1981,8,18,2,230,10029
1981,8,19,3,231,10015
1981,8,20,4,232,10259
1981,8,21,5,233,10167
1981,8,22,6,234,7692
1981,8,23,7,235,7460
1981,8,24,1,236,10504
1981,8,25,2,237,10346
1981,8,26,3,238,10453
1981,8,27,4,239,10311
1981,8,28,5,240,10324
1981,8,29,6,241,7474
1981,8,30,7,242,7130
1981,8,31,1,243,10215
1981,9,1,2,244,10190
1981,9,2,3,245,9988
1981,9,3,4,246,10060
1981,9,4,5,247,10238
1981,9,5,6,248,7574
1981,9,6,7,249,7130
1981,9,7,1,250,9792
1981,9,8,2,251,9700
1981,9,9,3,252,10128
1981,9,10,4,253,9813
1981,9,11,5,254,10119
1981,9,12,6,255,7149
1981,9,13,7,256,6635
1981,9,14,1,257,10157
1981,9,15,2,258,10296
1981,9,16,3,259,9856
1981,9,17,4,260,9593
1981,9,18,5,261,10061
1981,9,19,6,262,7430
1981,9,20,7,263,6693
1981,9,21,1,264,10093
1981,9,22,2,265,10157
1981,9,23,3,266,10064
1981,9,24,4,267,10081
1981,9,25,5,268,9984
1981,9,26,6,269,7575
1981,9,27,7,270,6931
1981,9,28,1,271,10055
1981,9,29,2,272,9992
1981,9,30,3,273,9880
1981,10,1,4,274,9675
1981,10,2,5,275,9903
1981,10,3,6,276,7443
1981,10,4,7,277,6488
1981,10,5,1,278,9544
1981,10,6,2,279,10199
1981,10,7,3,280,9697
1981,10,8,4,281,9714
1981,10,9,5,282,10122
1981,10,10,6,283,7025
1981,10,11,7,284,7063
1981,10,12,1,285,9957
1981,10,13,2,286,9847
1981,10,14,3,287,10123
1981,10,15,4,288,9725
1981,10,16,5,289,10068
1981,10,17,6,290,7188
1981,10,18,7,291,6969
1981,10,19,1,292,10116
1981,10,20,2,293,9940
1981,10,21,3,294,9599
1981,10,22,4,295,9917
1981,10,23,5,296,9813
1981,10,24,6,297,7497
1981,10,25,7,298,6759
1981,10,26,1,299,9769
1981,10,27,2,300,9968
1981,10,28,3,301,9492
1981,10,29,4,302,9660
1981,10,30,5,303,10151
1981,10,31,6,304,7016
1981,11,1,7,305,6381
1981,11,2,1,306,9766
1981,11,3,2,307,9983
1981,11,4,3,308,9699
1981,11,5,4,309,9849
1981,11,6,5,310,9634
1981,11,7,6,311,6714
1981,11,8,7,312,6840
1981,11,9,1,313,9612
1981,11,10,2,314,9725
1981,11,11,3,315,9809
1981,11,12,4,316,9770
1981,11,13,5,317,9852
1981,11,14,6,318,7359
1981,11,15,7,319,6454
1981,11,16,1,320,9837
1981,11,17,2,321,9780
1981,11,18,3,322,9618
1981,11,19,4,323,9945
1981,11,20,5,324,9861
1981,11,21,6,325,7067
1981,11,22,7,326,6763
1981,11,23,1,327,9604
1981,11,24,2,328,9619
1981,11,25,3,329,9382
1981,11,26,4,330,6334
1981,11,27,5,331,10140
1981,11,28,6,332,6771
1981,11,29,7,333,6530
1981,11,30,1,334,9620
1981,12,1,2,335,9765
1981,12,2,3,336,9656
1981,12,3,4,337,9764
1981,12,4,5,338,9605
1981,12,5,6,339,6879
1981,12,6,7,340,6560
1981,12,7,1,341,9565
1981,12,8,2,342,9999
1981,12,9,3,343,9598
1981,12,10,4,344,9742
1981,12,11,5,345,9829
1981,12,12,6,346,7121
1981,12,13,7,347,6542
1981,12,14,1,348,9376
1981,12,15,2,349,9781
1981,12,16,3,350,9392
1981,12,17,4,351,9514
1981,12,18,5,352,9815
1981,12,19,6,353,7132
1981,12,20,7,354,6513
1981,12,21,1,355,9665
1981,12,22,2,356,10016
1981,12,23,3,357,9553
1981,12,24,4,358,10078
1981,12,25,5,359,6377
1981,12,26,6,360,6593
1981,12,27,7,361,6645
1981,12,28,1,362,9678
1981,12,29,2,363,9942
1981,12,30,3,364,9631
1981,12,31,4,365,9585
1982,1,1,5,1,6961
1982,1,2,6,2,7052
1982,1,3,7,3,6537
1982,1,4,1,4,9685
1982,1,5,2,5,9996
1982,1,6,3,6,9990
1982,1,7,4,7,9861
1982,1,8,5,8,9675
1982,1,9,6,9,7170
1982,1,10,7,10,6905
1982,1,11,1,11,9680
1982,1,12,2,12,9866
1982,1,13,3,13,9692
1982,1,14,4,14,9649
1982,1,15,5,15,10006
1982,1,16,6,16,7068
1982,1,17,7,17,6765
1982,1,18,1,18,9630
1982,1,19,2,19,9811
1982,1,20,3,20,9820
1982,1,21,4,21,9723
1982,1,22,5,22,10201
1982,1,23,6,23,7018
1982,1,24,7,24,6730
1982,1,25,1,25,9958
1982,1,26,2,26,9634
1982,1,27,3,27,9373
1982,1,28,4,28,9515
1982,1,29,5,29,10117
1982,1,30,6,30,6990
1982,1,31,7,31,7150
1982,2,1,1,32,9853
1982,2,2,2,33,10088
1982,2,3,3,34,10132
1982,2,4,4,35,10316
1982,2,5,5,36,10426
1982,2,6,6,37,7472
1982,2,7,7,38,7039
1982,2,8,1,39,10061
1982,2,9,2,40,10195
1982,2,10,3,41,9755
1982,2,11,4,42,9807
1982,2,12,5,43,10054
1982,2,13,6,44,7224
1982,2,14,7,45,6773
1982,2,15,1,46,10080
1982,2,16,2,47,10226
1982,2,17,3,48,9870
1982,2,18,4,49,10220
1982,2,19,5,50,9849
1982,2,20,6,51,7220
1982,2,21,7,52,6725
1982,2,22,1,53,9619
1982,2,23,2,54,10040
1982,2,24,3,55,9833
1982,2,25,4,56,10227
1982,2,26,5,57,10168
1982,2,27,6,58,7070
1982,2,28,7,59,7188
1982,3,1,1,60,10399
1982,3,2,2,61,10384
1982,3,3,3,62,10039
1982,3,4,4,63,10007
1982,3,5,5,64,10213
1982,3,6,6,65,7675
1982,3,7,7,66,7419
1982,3,8,1,67,10457
1982,3,9,2,68,10192
1982,3,10,3,69,9878
1982,3,11,4,70,10205
1982,3,12,5,71,9961
1982,3,13,6,72,7538
1982,3,14,7,73,7053
1982,3,15,1,74,10096
1982,3,16,2,75,9992
1982,3,17,3,76,10172
1982,3,18,4,77,10084
1982,3,19,5,78,10069
1982,3,20,6,79,6962
1982,3,21,7,80,7075
1982,3,22,1,81,10499
1982,3,23,2,82,10579
1982,3,24,3,83,9997
1982,3,25,4,84,10071
1982,3,26,5,85,10364
1982,3,27,6,86,7300
1982,3,28,7,87,7134
1982,3,29,1,88,10317
1982,3,30,2,89,10500
1982,3,31,3,90,10061
1982,4,1,4,91,10368
1982,4,2,5,92,10346
1982,4,3,6,93,7556
1982,4,4,7,94,7264
1982,4,5,1,95,10471
1982,4,6,2,96,10669
1982,4,7,3,97,10160
1982,4,8,4,98,10673
1982,4,9,5,99,10456
1982,4,10,6,100,7701
1982,4,11,7,101,7170
1982,4,12,1,102,9968
1982,4,13,2,103,10664
1982,4,14,3,104,10437
1982,4,15,4,105,10354
1982,4,16,5,106,10517
1982,4,17,6,107,7797
1982,4,18,7,108,7023
1982,4,19,1,109,10309
1982,4,20,2,110,10647
1982,4,21,3,111,10079
1982,4,22,4,112,10457
1982,4,23,5,113,10260
1982,4,24,6,114,7788
1982,4,25,7,115,7298
1982,4,26,1,116,10114
1982,4,27,2,117,10714
1982,4,28,3,118,10172
1982,4,29,4,119,10259
1982,4,30,5,120,10541
1982,5,1,6,121,8076
1982,5,2,7,122,7286
1982,5,3,1,123,10580
1982,5,4,2,124,10746
1982,5,5,3,125,10594
1982,5,6,4,126,10601
1982,5,7,5,127,10603
1982,5,8,6,128,7720
1982,5,9,7,129,7485
1982,5,10,1,130,10376
1982,5,11,2,131,10143
1982,5,12,3,132,10548
1982,5,13,4,133,10732
1982,5,14,5,134,10244
1982,5,15,6,135,7687
1982,5,16,7,136,7581
1982,5,17,1,137,10940
1982,5,18,2,138,10673
1982,5,19,3,139,10338
1982,5,20,4,140,10536
1982,5,21,5,141,10917
1982,5,22,6,142,7753
1982,5,23,7,143,7325
1982,5,24,1,144,10482
1982,5,25,2,145,10498
1982,5,26,3,146,10491
1982,5,27,4,147,10862
1982,5,28,5,148,10727
1982,5,29,6,149,7824
1982,5,30,7,150,7417
1982,5,31,1,151,10288
1982,6,1,2,152,10888
1982,6,2,3,153,10515
1982,6,3,4,154,10597
1982,6,4,5,155,11304
1982,6,5,6,156,7983
1982,6,6,7,157,7394
1982,6,7,1,158,10553
1982,6,8,2,159,10936
1982,6,9,3,160,10550
1982,6,10,4,161,10371
1982,6,11,5,162,10895
1982,6,12,6,163,7809
1982,6,13,7,164,7867
1982,6,14,1,165,10824
1982,6,15,2,166,10649
1982,6,16,3,167,10760
1982,6,17,4,168,10642
1982,6,18,5,169,10883
1982,6,19,6,170,8017
1982,6,20,7,171,7377
1982,6,21,1,172,10514
1982,6,22,2,173,10915
1982,6,23,3,174,10469
1982,6,24,4,175,10557
1982,6,25,5,176,10558
1982,6,26,6,177,8006
1982,6,27,7,178,7901
1982,6,28,1,179,10437
1982,6,29,2,180,10734
1982,6,30,3,181,10784
1982,7,1,4,182,10555
1982,7,2,5,183,10751
1982,7,3,6,184,7678
1982,7,4,7,185,5282
1982,7,5,1,186,10536
1982,7,6,2,187,10847
1982,7,7,3,188,10683
1982,7,8,4,189,11035
1982,7,9,5,190,10774
1982,7,10,6,191,7928
1982,7,11,7,192,7504
1982,7,12,1,193,10506
1982,7,13,2,194,10730
1982,7,14,3,195,10416
1982,7,15,4,196,10600
1982,7,16,5,197,10906
1982,7,17,6,198,7688
1982,7,18,7,199,7674
1982,7,19,1,200,10806
1982,7,20,2,201,10648
1982,7,21,3,202,10087
1982,7,22,4,203,10460
1982,7,23,5,204,10903
1982,7,24,6,205,7865
1982,7,25,7,206,7289
1982,7,26,1,207,10478
1982,7,27,2,208,10821
1982,7,28,3,209,10568
1982,7,29,4,210,10526
1982,7,30,5,211,10603
1982,7,31,6,212,7799
1982,8,1,7,213,7138
1982,8,2,1,214,10695
1982,8,3,2,215,10446
1982,8,4,3,216,10524
1982,8,5,4,217,10678
1982,8,6,5,218,10684
1982,8,7,6,219,7627
1982,8,8,7,220,7377
1982,8,9,1,221,10400
1982,8,10,2,222,10342
1982,8,11,3,223,10363
1982,8,12,4,224,10192
1982,8,13,5,225,10718
1982,8,14,6,226,7621
1982,8,15,7,227,7341
1982,8,16,1,228,10455
1982,8,17,2,229,10458
1982,8,18,3,230,10410
1982,8,19,4,231,10319
1982,8,20,5,232,10661
1982,8,21,6,233,7462
1982,8,22,7,234,7327
1982,8,23,1,235,10754
1982,8,24,2,236,10324
1982,8,25,3,237,10183
1982,8,26,4,238,10497
1982,8,27,5,239,10537
1982,8,28,6,240,7768
1982,8,29,7,241,7393
1982,8,30,1,242,10519
1982,8,31,2,243,10704
1982,9,1,3,244,10153
1982,9,2,4,245,10136
1982,9,3,5,246,10401
1982,9,4,6,247,7821
1982,9,5,7,248,7056
1982,9,6,1,249,10004
1982,9,7,2,250,10479
1982,9,8,3,251,10058
1982,9,9,4,252,9788
1982,9,10,5,253,10432
1982,9,11,6,254,7383
1982,9,12,7,255,7063
1982,9,13,1,256,10239
1982,9,14,2,257,10314
1982,9,15,3,258,10207
1982,9,16,4,259,10101
1982,9,17,5,260,10372
1982,9,18,6,261,7433
1982,9,19,7,262,7212
1982,9,20,1,263,10290
1982,9,21,2,264,10111
1982,9,22,3,265,10275
1982,9,23,4,266,10083
1982,9,24,5,267,10425
1982,9,25,6,268,7546
1982,9,26,7,269,7410
1982,9,27,1,270,10139
1982,9,28,2,271,10217
1982,9,29,3,272,10076
1982,9,30,4,273,10125
1982,10,1,5,274,10198
1982,10,2,6,275,6964
1982,10,3,7,276,6665
1982,10,4,1,277,9762
1982,10,5,2,278,10226
1982,10,6,3,279,10162
1982,10,7,4,280,9936
1982,10,8,5,281,10024
1982,10,9,6,282,7267
1982,10,10,7,283,7064
1982,10,11,1,284,9788
1982,10,12,2,285,10097
1982,10,13,3,286,10030
1982,10,14,4,287,10045
1982,10,15,5,288,10089
1982,10,16,6,289,7435
1982,10,17,7,290,6368
1982,10,18,1,291,10077
1982,10,19,2,292,9937
1982,10,20,3,293,9525
1982,10,21,4,294,10047
1982,10,22,5,295,10302
1982,10,23,6,296,7230
1982,10,24,7,297,7026
1982,10,25,1,298,10245
1982,10,26,2,299,10291
1982,10,27,3,300,10150
1982,10,28,4,301,10088
1982,10,29,5,302,10068
1982,10,30,6,303,6966
1982,10,31,7,304,6810
1982,11,1,1,305,9638
1982,11,2,2,306,10281
1982,11,3,3,307,9658
1982,11,4,4,308,9812
1982,11,5,5,309,9989
1982,11,6,6,310,7098
1982,11,7,7,311,6995
1982,11,8,1,312,9678
1982,11,9,2,313,9925
1982,11,10,3,314,9556
1982,11,11,4,315,9552
1982,11,12,5,316,9780
1982,11,13,6,317,7083
1982,11,14,7,318,6613
1982,11,15,1,319,9665
1982,11,16,2,320,9637
1982,11,17,3,321,9675
1982,11,18,4,322,9519
1982,11,19,5,323,10027
1982,11,20,6,324,7105
1982,11,21,7,325,6427
1982,11,22,1,326,9734
1982,11,23,2,327,9754
1982,11,24,3,328,9747
1982,11,25,4,329,6821
1982,11,26,5,330,9552
1982,11,27,6,331,7110
1982,11,28,7,332,6661
1982,11,29,1,333,9911
1982,11,30,2,334,9928
1982,12,1,3,335,9494
1982,12,2,4,336,9672
1982,12,3,5,337,9686
1982,12,4,6,338,7223
1982,12,5,7,339,6633
1982,12,6,1,340,10072
1982,12,7,2,341,9819
1982,12,8,3,342,9502
1982,12,9,4,343,9457
1982,12,10,5,344,9505
1982,12,11,6,345,6744
1982,12,12,7,346,6678
1982,12,13,1,347,9821
1982,12,14,2,348,9545
1982,12,15,3,349,9791
1982,12,16,4,350,9643
1982,12,17,5,351,9856
1982,12,18,6,352,7320
1982,12,19,7,353,6791
1982,12,20,1,354,9681
1982,12,21,2,355,9669
1982,12,22,3,356,9242
1982,12,23,4,357,9600
1982,12,24,5,358,9791
1982,12,25,6,359,4453
1982,12,26,7,360,6606
1982,12,27,1,361,9743
1982,12,28,2,362,9789
1982,12,29,3,363,9512
1982,12,30,4,364,9760
1982,12,31,5,365,9909
1983,1,1,6,1,5050
1983,1,2,7,2,7064
1983,1,3,1,3,9892
1983,1,4,2,4,10013
1983,1,5,3,5,9937
1983,1,6,4,6,9952
1983,1,7,5,7,10181
1983,1,8,6,8,7261
1983,1,9,7,9,6700
1983,1,10,1,10,9975
1983,1,11,2,11,9804
1983,1,12,3,12,9829
1983,1,13,4,13,9904
1983,1,14,5,14,9972
1983,1,15,6,15,7187
1983,1,16,7,16,6471
1983,1,17,1,17,9811
1983,1,18,2,18,10027
1983,1,19,3,19,9839
1983,1,20,4,20,9725
1983,1,21,5,21,10238
1983,1,22,6,22,7054
1983,1,23,7,23,6984
1983,1,24,1,24,9987
1983,1,25,2,25,9893
1983,1,26,3,26,10129
1983,1,27,4,27,9695
1983,1,28,5,28,10175
1983,1,29,6,29,7390
1983,1,30,7,30,6689
1983,1,31,1,31,10160
1983,2,1,2,32,10129
1983,2,2,3,33,10026
1983,2,3,4,34,10121
1983,2,4,5,35,10150
1983,2,5,6,36,7520
1983,2,6,7,37,7117
1983,2,7,1,38,9760
1983,2,8,2,39,10409
1983,2,9,3,40,9675
1983,2,10,4,41,10260
1983,2,11,5,42,10377
1983,2,12,6,43,7178
1983,2,13,7,44,6901
1983,2,14,1,45,9875
1983,2,15,2,46,10136
1983,2,16,3,47,9919
1983,2,17,4,48,10215
1983,2,18,5,49,10410
1983,2,19,6,50,7626
1983,2,20,7,51,6873
1983,2,21,1,52,10037
1983,2,22,2,53,9871
1983,2,23,3,54,9829
1983,2,24,4,55,10248
1983,2,25,5,56,10465
1983,2,26,6,57,7152
1983,2,27,7,58,6868
1983,2,28,1,59,10070
1983,3,1,2,60,10450
1983,3,2,3,61,10054
1983,3,3,4,62,10376
1983,3,4,5,63,10314
1983,3,5,6,64,7597
1983,3,6,7,65,7298
1983,3,7,1,66,10301
1983,3,8,2,67,10321
1983,3,9,3,68,10180
1983,3,10,4,69,10284
1983,3,11,5,70,10333
1983,3,12,6,71,7553
1983,3,13,7,72,7487
1983,3,14,1,73,10400
1983,3,15,2,74,10346
1983,3,16,3,75,10325
1983,3,17,4,76,10239
1983,3,18,5,77,10611
1983,3,19,6,78,7666
1983,3,20,7,79,7180
1983,3,21,1,80,10380
1983,3,22,2,81,10117
1983,3,23,3,82,9997
1983,3,24,4,83,10085
1983,3,25,5,84,10425
1983,3,26,6,85,7911
1983,3,27,7,86,7601
1983,3,28,1,87,10414
1983,3,29,2,88,10490
1983,3,30,3,89,9875
1983,3,31,4,90,10202
1983,4,1,5,91,10483
1983,4,2,6,92,7713
1983,4,3,7,93,7394
1983,4,4,1,94,10440
1983,4,5,2,95,10268
1983,4,6,3,96,10559
1983,4,7,4,97,10331
1983,4,8,5,98,10668
1983,4,9,6,99,8198
1983,4,10,7,100,7259
1983,4,11,1,101,10069
1983,4,12,2,102,10573
1983,4,13,3,103,10623
1983,4,14,4,104,10877
1983,4,15,5,105,10403
1983,4,16,6,106,7914
1983,4,17,7,107,7341
1983,4,18,1,108,10505
1983,4,19,2,109,11100
1983,4,20,3,110,10154
1983,4,21,4,111,10570
1983,4,22,5,112,10709
1983,4,23,6,113,8020
1983,4,24,7,114,7442
1983,4,25,1,115,10580
1983,4,26,2,116,10554
1983,4,27,3,117,10473
1983,4,28,4,118,10463
1983,4,29,5,119,10736
1983,4,30,6,120,7758
1983,5,1,7,121,7657
1983,5,2,1,122,10684
1983,5,3,2,123,10992
1983,5,4,3,124,10580
1983,5,5,4,125,10370
1983,5,6,5,126,11016
1983,5,7,6,127,7826
1983,5,8,7,128,7472
1983,5,9,1,129,10582
1983,5,10,2,130,11037
1983,5,11,3,131,10205
1983,5,12,4,132,11254
1983,5,13,5,133,10979
1983,5,14,6,134,8029
1983,5,15,7,135,7579
1983,5,16,1,136,10741
1983,5,17,2,137,10883
1983,5,18,3,138,10705
1983,5,19,4,139,10789
1983,5,20,5,140,10805
1983,5,21,6,141,7954
1983,5,22,7,142,7562
1983,5,23,1,143,10654
1983,5,24,2,144,10993
1983,5,25,3,145,10696
1983,5,26,4,146,10160
1983,5,27,5,147,10907
1983,5,28,6,148,8024
1983,5,29,7,149,7586
1983,5,30,1,150,10619
1983,5,31,2,151,10992
1983,6,1,3,152,10820
1983,6,2,4,153,10610
1983,6,3,5,154,10923
1983,6,4,6,155,7875
1983,6,5,7,156,7401
1983,6,6,1,157,10637
1983,6,7,2,158,11005
1983,6,8,3,159,10821
1983,6,9,4,160,10842
1983,6,10,5,161,10980
1983,6,11,6,162,8142
1983,6,12,7,163,7534
1983,6,13,1,164,10827
1983,6,14,2,165,10994
1983,6,15,3,166,10785
1983,6,16,4,167,10964
1983,6,17,5,168,10977
1983,6,18,6,169,8113
1983,6,19,7,170,7842
1983,6,20,1,171,10745
1983,6,21,2,172,10691
1983,6,22,3,173,10620
1983,6,23,4,174,10615
1983,6,24,5,175,10728
1983,6,25,6,176,8023
1983,6,26,7,177,7507
1983,6,27,1,178,10694
1983,6,28,2,179,10509
1983,6,29,3,180,10688
1983,6,30,4,181,10750
1983,7,1,5,182,10642
1983,7,2,6,183,8108
1983,7,3,7,184,7758
1983,7,4,1,185,7279
1983,7,5,2,186,10652
1983,7,6,3,187,10451
1983,7,7,4,188,10520
1983,7,8,5,189,10939
1983,7,9,6,190,7954
1983,7,10,7,191,7542
1983,7,11,1,192,10329
1983,7,12,2,193,10904
1983,7,13,3,194,10366
1983,7,14,4,195,10700
1983,7,15,5,196,10839
1983,7,16,6,197,8234
1983,7,17,7,198,7354
1983,7,18,1,199,10146
1983,7,19,2,200,10822
1983,7,20,3,201,10913
1983,7,21,4,202,10912
1983,7,22,5,203,10827
1983,7,23,6,204,7901
1983,7,24,7,205,7734
1983,7,25,1,206,10514
1983,7,26,2,207,10875
1983,7,27,3,208,10680
1983,7,28,4,209,10880
1983,7,29,5,210,11286
1983,7,30,6,211,8060
1983,7,31,7,212,7498
1983,8,1,1,213,10520
1983,8,2,2,214,10306
1983,8,3,3,215,10299
1983,8,4,4,216,10451
1983,8,5,5,217,10530
1983,8,6,6,218,7852
1983,8,7,7,219,7276
1983,8,8,1,220,10726
1983,8,9,2,221,10625
1983,8,10,3,222,10423
1983,8,11,4,223,10465
1983,8,12,5,224,10652
1983,8,13,6,225,7973
1983,8,14,7,226,7268
1983,8,15,1,227,10406
1983,8,16,2,228,10570
1983,8,17,3,229,10182
1983,8,18,4,230,10377
1983,8,19,5,231,10539
1983,8,20,6,232,7982
1983,8,21,7,233,7472
1983,8,22,1,234,10559
1983,8,23,2,235,10778
1983,8,24,3,236,10400
1983,8,25,4,237,10595
1983,8,26,5,238,10606
1983,8,27,6,239,7872
1983,8,28,7,240,7320
1983,8,29,1,241,10086
1983,8,30,2,242,10600
1983,8,31,3,243,10681
1983,9,1,4,244,10466
1983,9,2,5,245,10573
1983,9,3,6,246,7822
1983,9,4,7,247,7215
1983,9,5,1,248,10335
1983,9,6,2,249,10288
1983,9,7,3,250,10143
1983,9,8,4,251,10410
1983,9,9,5,252,10616
1983,9,10,6,253,7574
1983,9,11,7,254,7118
1983,9,12,1,255,10300
1983,9,13,2,256,10508
1983,9,14,3,257,9940
1983,9,15,4,258,9886
1983,9,16,5,259,10300
1983,9,17,6,260,7380
1983,9,18,7,261,7108
1983,9,19,1,262,10273
1983,9,20,2,263,10318
1983,9,21,3,264,10461
1983,9,22,4,265,10358
1983,9,23,5,266,10454
1983,9,24,6,267,7711
1983,9,25,7,268,6995
1983,9,26,1,269,10487
1983,9,27,2,270,10386
1983,9,28,3,271,10320
1983,9,29,4,272,10107
1983,9,30,5,273,10120
1983,10,1,6,274,7522
1983,10,2,7,275,7042
1983,10,3,1,276,9912
1983,10,4,2,277,10018
1983,10,5,3,278,10177
1983,10,6,4,279,9860
1983,10,7,5,280,10470
1983,10,8,6,281,7212
1983,10,9,7,282,7089
1983,10,10,1,283,10015
1983,10,11,2,284,10283
1983,10,12,3,285,9877
1983,10,13,4,286,10045
1983,10,14,5,287,10182
1983,10,15,6,288,7194
1983,10,16,7,289,7108
1983,10,17,1,290,9982
1983,10,18,2,291,10133
1983,10,19,3,292,9796
1983,10,20,4,293,9613
1983,10,21,5,294,10140
1983,10,22,6,295,7809
1983,10,23,7,296,7116
1983,10,24,1,297,10071
1983,10,25,2,298,10127
1983,10,26,3,299,9979
1983,10,27,4,300,10173
1983,10,28,5,301,9962
1983,10,29,6,302,7575
1983,10,30,7,303,7103
1983,10,31,1,304,10204
1983,11,1,2,305,10089
1983,11,2,3,306,9813
1983,11,3,4,307,10031
1983,11,4,5,308,10116
1983,11,5,6,309,7146
1983,11,6,7,310,6707
1983,11,7,1,311,9928
1983,11,8,2,312,10289
1983,11,9,3,313,9587
1983,11,10,4,314,9646
1983,11,11,5,315,10039
1983,11,12,6,316,7219
1983,11,13,7,317,6841
1983,11,14,1,318,9954
1983,11,15,2,319,9970
1983,11,16,3,320,10078
1983,11,17,4,321,9622
1983,11,18,5,322,9861
1983,11,19,6,323,7191
1983,11,20,7,324,6514
1983,11,21,1,325,9878
1983,11,22,2,326,10309
1983,11,23,3,327,9814
1983,11,24,4,328,6766
1983,11,25,5,329,9783
1983,11,26,6,330,7099
1983,11,27,7,331,6742
1983,11,28,1,332,9853
1983,11,29,2,333,10240
1983,11,30,3,334,9910
1983,12,1,4,335,9649
1983,12,2,5,336,9994
1983,12,3,6,337,7239
1983,12,4,7,338,6955
1983,12,5,1,339,10134
1983,12,6,2,340,9767
1983,12,7,3,341,9604
1983,12,8,4,342,9623
1983,12,9,5,343,9907
1983,12,10,6,344,7233
1983,12,11,7,345,6927
1983,12,12,1,346,9836
1983,12,13,2,347,9892
1983,12,14,3,348,9777
1983,12,15,4,349,9699
1983,12,16,5,350,10326
1983,12,17,6,351,6860
1983,12,18,7,352,6783
1983,12,19,1,353,10214
1983,12,20,2,354,9951
1983,12,21,3,355,9715
1983,12,22,4,356,9785
1983,12,23,5,357,9917
1983,12,24,6,358,7397
1983,12,25,7,359,4128
1983,12,26,1,360,10126
1983,12,27,2,361,9693
1983,12,28,3,362,9702
1983,12,29,4,363,9772
1983,12,30,5,364,10055
1983,12,31,6,365,6862
1984,1,1,7,1,5049
1984,1,2,1,2,10394
1984,1,3,2,3,9884
1984,1,4,3,4,9964
1984,1,5,4,5,9911
1984,1,6,5,6,10206
1984,1,7,6,7,7333
1984,1,8,7,8,6814
1984,1,9,1,9,10118
1984,1,10,2,10,10455
1984,1,11,3,11,9895
1984,1,12,4,12,10159
1984,1,13,5,13,9897
1984,1,14,6,14,7158
1984,1,15,7,15,7015
1984,1,16,1,16,10297
1984,1,17,2,17,10194
1984,1,18,3,18,9873
1984,1,19,4,19,10030
1984,1,20,5,20,9905
1984,1,21,6,21,7439
1984,1,22,7,22,7089
1984,1,23,1,23,9948
1984,1,24,2,24,10045
1984,1,25,3,25,9978
1984,1,26,4,26,9951
1984,1,27,5,27,10118
1984,1,28,6,28,7708
1984,1,29,7,29,6885
1984,1,30,1,30,9965
1984,1,31,2,31,10013
1984,2,1,3,32,10228
1984,2,2,4,33,10162
1984,2,3,5,34,10178
1984,2,4,6,35,7732
1984,2,5,7,36,7350
1984,2,6,1,37,10086
1984,2,7,2,38,9959
1984,2,8,3,39,10276
1984,2,9,4,40,10071
1984,2,10,5,41,10437
1984,2,11,6,42,7140
1984,2,12,7,43,7255
1984,2,13,1,44,9976
1984,2,14,2,45,10426
1984,2,15,3,46,10097
1984,2,16,4,47,10023
1984,2,17,5,48,10221
1984,2,18,6,49,7618
1984,2,19,7,50,7114
1984,2,20,1,51,10300
1984,2,21,2,52,10650
1984,2,22,3,53,9813
1984,2,23,4,54,10486
1984,2,24,5,55,10313
1984,2,25,6,56,7333
1984,2,26,7,57,6855
1984,2,27,1,58,10160
1984,2,28,2,59,10460
1984,2,29,3,60,10072
1984,3,1,4,61,10692
1984,3,2,5,62,10258
1984,3,3,6,63,7717
1984,3,4,7,64,7094
1984,3,5,1,65,10485
1984,3,6,2,66,10679
1984,3,7,3,67,10244
1984,3,8,4,68,9951
1984,3,9,5,69,10555
1984,3,10,6,70,7798
1984,3,11,7,71,7392
1984,3,12,1,72,10642
1984,3,13,2,73,10327
1984,3,14,3,74,10442
1984,3,15,4,75,10634
1984,3,16,5,76,10199
1984,3,17,6,77,7777
1984,3,18,7,78,7229
1984,3,19,1,79,10405
1984,3,20,2,80,10582
1984,3,21,3,81,10232
1984,3,22,4,82,10298
1984,3,23,5,83,10526
1984,3,24,6,84,7524
1984,3,25,7,85,7124
1984,3,26,1,86,10542
1984,3,27,2,87,10313
1984,3,28,3,88,10439
1984,3,29,4,89,10503
1984,3,30,5,90,10209
1984,3,31,6,91,7598
1984,4,1,7,92,7759
1984,4,2,1,93,10468
1984,4,3,2,94,10661
1984,4,4,3,95,10628
1984,4,5,4,96,10786
1984,4,6,5,97,10699
1984,4,7,6,98,7837
1984,4,8,7,99,7801
1984,4,9,1,100,10958
1984,4,10,2,101,10921
1984,4,11,3,102,10560
1984,4,12,4,103,10499
1984,4,13,5,104,10595
1984,4,14,6,105,8039
1984,4,15,7,106,7620
1984,4,16,1,107,10897
1984,4,17,2,108,10862
1984,4,18,3,109,10274
1984,4,19,4,110,10834
1984,4,20,5,111,10565
1984,4,21,6,112,7875
1984,4,22,7,113,7590
1984,4,23,1,114,11004
1984,4,24,2,115,11304
1984,4,25,3,116,10654
1984,4,26,4,117,10612
1984,4,27,5,118,10841
1984,4,28,6,119,8104
1984,4,29,7,120,7487
1984,4,30,1,121,10968
1984,5,1,2,122,10951
1984,5,2,3,123,10799
1984,5,3,4,124,10929
1984,5,4,5,125,10985
1984,5,5,6,126,8260
1984,5,6,7,127,7598
1984,5,7,1,128,10709
1984,5,8,2,129,10711
1984,5,9,3,130,10788
1984,5,10,4,131,10949
1984,5,11,5,132,10992
1984,5,12,6,133,8411
1984,5,13,7,134,7708
1984,5,14,1,135,10930
1984,5,15,2,136,10713
1984,5,16,3,137,10640
1984,5,17,4,138,10934
1984,5,18,5,139,11062
1984,5,19,6,140,8056
1984,5,20,7,141,7696
1984,5,21,1,142,10536
1984,5,22,2,143,10845
1984,5,23,3,144,10869
1984,5,24,4,145,10913
1984,5,25,5,146,10999
1984,5,26,6,147,8118
1984,5,27,7,148,7710
1984,5,28,1,149,10690
1984,5,29,2,150,11035
1984,5,30,3,151,10785
1984,5,31,4,152,10898
1984,6,1,5,153,10875
1984,6,2,6,154,7782
1984,6,3,7,155,7967
1984,6,4,1,156,10783
1984,6,5,2,157,10814
1984,6,6,3,158,10894
1984,6,7,4,159,10799
1984,6,8,5,160,11160
1984,6,9,6,161,8281
1984,6,10,7,162,7893
1984,6,11,1,163,10624
1984,6,12,2,164,11188
1984,6,13,3,165,10817
1984,6,14,4,166,10803
1984,6,15,5,167,10995
1984,6,16,6,168,7850
1984,6,17,7,169,7843
1984,6,18,1,170,10684
1984,6,19,2,171,10726
1984,6,20,3,172,10495
1984,6,21,4,173,11070
1984,6,22,5,174,10856
1984,6,23,6,175,8446
1984,6,24,7,176,7673
1984,6,25,1,177,10562
1984,6,26,2,178,10769
1984,6,27,3,179,10992
1984,6,28,4,180,10841
1984,6,29,5,181,10871
1984,6,30,6,182,8198
1984,7,1,7,183,7800
1984,7,2,1,184,11010
1984,7,3,2,185,11170
1984,7,4,3,186,7450
1984,7,5,4,187,10571
1984,7,6,5,188,10835
1984,7,7,6,189,8156
1984,7,8,7,190,7536
1984,7,9,1,191,10637
1984,7,10,2,192,10971
1984,7,11,3,193,10700
1984,7,12,4,194,10815
1984,7,13,5,195,10773
1984,7,14,6,196,8068
1984,7,15,7,197,7543
1984,7,16,1,198,10969
1984,7,17,2,199,11096
1984,7,18,3,200,10377
1984,7,19,4,201,10642
1984,7,20,5,202,10640
1984,7,21,6,203,7992
1984,7,22,7,204,7694
1984,7,23,1,205,10548
1984,7,24,2,206,10743
1984,7,25,3,207,10528
1984,7,26,4,208,10847
1984,7,27,5,209,10922
1984,7,28,6,210,7979
1984,7,29,7,211,7741
1984,7,30,1,212,10711
1984,7,31,2,213,10860
1984,8,1,3,214,10846
1984,8,2,4,215,10886
1984,8,3,5,216,10511
1984,8,4,6,217,8094
1984,8,5,7,218,7691
1984,8,6,1,219,10438
1984,8,7,2,220,10892
1984,8,8,3,221,10821
1984,8,9,4,222,10442
1984,8,10,5,223,10579
1984,8,11,6,224,8128
1984,8,12,7,225,7593
1984,8,13,1,226,10744
1984,8,14,2,227,10806
1984,8,15,3,228,10615
1984,8,16,4,229,10406
1984,8,17,5,230,10933
1984,8,18,6,231,8155
1984,8,19,7,232,7503
1984,8,20,1,233,10637
1984,8,21,2,234,10469
1984,8,22,3,235,10637
1984,8,23,4,236,10747
1984,8,24,5,237,10733
1984,8,25,6,238,8147
1984,8,26,7,239,7484
1984,8,27,1,240,10746
1984,8,28,2,241,10561
1984,8,29,3,242,10540
1984,8,30,4,243,10613
1984,8,31,5,244,10785
1984,9,1,6,245,7653
1984,9,2,7,246,7296
1984,9,3,1,247,10568
1984,9,4,2,248,10441
1984,9,5,3,249,10030
1984,9,6,4,250,10734
1984,9,7,5,251,10768
1984,9,8,6,252,7487
1984,9,9,7,253,7444
1984,9,10,1,254,10329
1984,9,11,2,255,10567
1984,9,12,3,256,10372
1984,9,13,4,257,10377
1984,9,14,5,258,10378
1984,9,15,6,259,7595
1984,9,16,7,260,7155
1984,9,17,1,261,10270
1984,9,18,2,262,10507
1984,9,19,3,263,10191
1984,9,20,4,264,10542
1984,9,21,5,265,10787
1984,9,22,6,266,7615
1984,9,23,7,267,7363
1984,9,24,1,268,10509
1984,9,25,2,269,10604
1984,9,26,3,270,10333
1984,9,27,4,271,10553
1984,9,28,5,272,10606
1984,9,29,6,273,7497
1984,9,30,7,274,7476
1984,10,1,1,275,10354
1984,10,2,2,276,10157
1984,10,3,3,277,10101
1984,10,4,4,278,10317
1984,10,5,5,279,10257
1984,10,6,6,280,7688
1984,10,7,7,281,7520
1984,10,8,1,282,10053
1984,10,9,2,283,10046
1984,10,10,3,284,10149
1984,10,11,4,285,10324
1984,10,12,5,286,10253
1984,10,13,6,287,7756
1984,10,14,7,288,6854
1984,10,15,1,289,10319
1984,10,16,2,290,10185
1984,10,17,3,291,10404
1984,10,18,4,292,10553
1984,10,19,5,293,10157
1984,10,20,6,294,7396
1984,10,21,7,295,7249
1984,10,22,1,296,10125
1984,10,23,2,297,10286
1984,10,24,3,298,10099
1984,10,25,4,299,9849
1984,10,26,5,300,10292
1984,10,27,6,301,7370
1984,10,28,7,302,7006
1984,10,29,1,303,10454
1984,10,30,2,304,10068
1984,10,31,3,305,10241
1984,11,1,4,306,9980
1984,11,2,5,307,10079
1984,11,3,6,308,7472
1984,11,4,7,309,6991
1984,11,5,1,310,10132
1984,11,6,2,311,10304
1984,11,7,3,312,9870
1984,11,8,4,313,9920
1984,11,9,5,314,9934
1984,11,10,6,315,7181
1984,11,11,7,316,7461
1984,11,12,1,317,10254
1984,11,13,2,318,9887
1984,11,14,3,319,9692
1984,11,15,4,320,10117
1984,11,16,5,321,10228
1984,11,17,6,322,7429
1984,11,18,7,323,6884
1984,11,19,1,324,10007
1984,11,20,2,325,10189
1984,11,21,3,326,9945
1984,11,22,4,327,6548
1984,11,23,5,328,10088
1984,11,24,6,329,7177
1984,11,25,7,330,6961
1984,11,26,1,331,10567
1984,11,27,2,332,10196
1984,11,28,3,333,9873
1984,11,29,4,334,10196
1984,11,30,5,335,10217
1984,12,1,6,336,7345
1984,12,2,7,337,6979
1984,12,3,1,338,10340
1984,12,4,2,339,9866
1984,12,5,3,340,9955
1984,12,6,4,341,9803
1984,12,7,5,342,10169
1984,12,8,6,343,7104
1984,12,9,7,344,6794
1984,12,10,1,345,9916
1984,12,11,2,346,10245
1984,12,12,3,347,10035
1984,12,13,4,348,9745
1984,12,14,5,349,10079
1984,12,15,6,350,7142
1984,12,16,7,351,6643
1984,12,17,1,352,9930
1984,12,18,2,353,10014
1984,12,19,3,354,10306
1984,12,20,4,355,10047
1984,12,21,5,356,9822
1984,12,22,6,357,7168
1984,12,23,7,358,7053
1984,12,24,1,359,10345
1984,12,25,2,360,6359
1984,12,26,3,361,9531
1984,12,27,4,362,10306
1984,12,28,5,363,10140
1984,12,29,6,364,7113
1984,12,30,7,365,6966
1984,12,31,1,366,9495
1985,1,1,2,1,7380
1985,1,2,3,2,10109
1985,1,3,4,3,10316
1985,1,4,5,4,10067
1985,1,5,6,5,7465
1985,1,6,7,6,6883
1985,1,7,1,7,10196
1985,1,8,2,8,10089
1985,1,9,3,9,9976
1985,1,10,4,10,9971
1985,1,11,5,11,10367
1985,1,12,6,12,7604
1985,1,13,7,13,7008
1985,1,14,1,14,10157
1985,1,15,2,15,9989
1985,1,16,3,16,9996
1985,1,17,4,17,10141
1985,1,18,5,18,10722
1985,1,19,6,19,7250
1985,1,20,7,20,7313
1985,1,21,1,21,10329
1985,1,22,2,22,10300
1985,1,23,3,23,10366
1985,1,24,4,24,10217
1985,1,25,5,25,10320
1985,1,26,6,26,7440
1985,1,27,7,27,7270
1985,1,28,1,28,10347
1985,1,29,2,29,10137
1985,1,30,3,30,9812
1985,1,31,4,31,10113
1985,2,1,5,32,10270
1985,2,2,6,33,7603
1985,2,3,7,34,7437
1985,2,4,1,35,10232
1985,2,5,2,36,10407
1985,2,6,3,37,10225
1985,2,7,4,38,10467
1985,2,8,5,39,10010
1985,2,9,6,40,7505
1985,2,10,7,41,7253
1985,2,11,1,42,10531
1985,2,12,2,43,10326
1985,2,13,3,44,9877
1985,2,14,4,45,10426
1985,2,15,5,46,10300
1985,2,16,6,47,7400
1985,2,17,7,48,7102
1985,2,18,1,49,10281
1985,2,19,2,50,10306
1985,2,20,3,51,9817
1985,2,21,4,52,10476
1985,2,22,5,53,10644
1985,2,23,6,54,7732
1985,2,24,7,55,7010
1985,2,25,1,56,10278
1985,2,26,2,57,10413
1985,2,27,3,58,10322
1985,2,28,4,59,10435
1985,3,1,5,60,10507
1985,3,2,6,61,7854
1985,3,3,7,62,7522
1985,3,4,1,63,10802
1985,3,5,2,64,10766
1985,3,6,3,65,10582
1985,3,7,4,66,10555
1985,3,8,5,67,10893
1985,3,9,6,68,7913
1985,3,10,7,69,7285
1985,3,11,1,70,10792
1985,3,12,2,71,10765
1985,3,13,3,72,10360
1985,3,14,4,73,10453
1985,3,15,5,74,10693
1985,3,16,6,75,7923
1985,3,17,7,76,7475
1985,3,18,1,77,10596
1985,3,19,2,78,10945
1985,3,20,3,79,10632
1985,3,21,4,80,10574
1985,3,22,5,81,10809
1985,3,23,6,82,7654
1985,3,24,7,83,7511
1985,3,25,1,84,10865
1985,3,26,2,85,10600
1985,3,27,3,86,10287
1985,3,28,4,87,10422
1985,3,29,5,88,10443
1985,3,30,6,89,7698
1985,3,31,7,90,7373
1985,4,1,1,91,10511
1985,4,2,2,92,10867
1985,4,3,3,93,10827
1985,4,4,4,94,10601
1985,4,5,5,95,11138
1985,4,6,6,96,8156
1985,4,7,7,97,7850
1985,4,8,1,98,10646
1985,4,9,2,99,11018
1985,4,10,3,100,10468
1985,4,11,4,101,10925
1985,4,12,5,102,10895
1985,4,13,6,103,8164
1985,4,14,7,104,7453
1985,4,15,1,105,10603
1985,4,16,2,106,10972
1985,4,17,3,107,10494
1985,4,18,4,108,10848
1985,4,19,5,109,10618
1985,4,20,6,110,8217
1985,4,21,7,111,7443
1985,4,22,1,112,10864
1985,4,23,2,113,10977
1985,4,24,3,114,10539
1985,4,25,4,115,10869
1985,4,26,5,116,10911
1985,4,27,6,117,7968
1985,4,28,7,118,7483
1985,4,29,1,119,10411
1985,4,30,2,120,10927
1985,5,1,3,121,10548
1985,5,2,4,122,10946
1985,5,3,5,123,10982
1985,5,4,6,124,8351
1985,5,5,7,125,7775
1985,5,6,1,126,10870
1985,5,7,2,127,11161
1985,5,8,3,128,10890
1985,5,9,4,129,10986
1985,5,10,5,130,11114
1985,5,11,6,131,7953
1985,5,12,7,132,7965
1985,5,13,1,133,11039
1985,5,14,2,134,10846
1985,5,15,3,135,10785
1985,5,16,4,136,10922
1985,5,17,5,137,11005
1985,5,18,6,138,8289
1985,5,19,7,139,8087
1985,5,20,1,140,11124
1985,5,21,2,141,10793
1985,5,22,3,142,10941
1985,5,23,4,143,11168
1985,5,24,5,144,11099
1985,5,25,6,145,8426
1985,5,26,7,146,8191
1985,5,27,1,147,11113
1985,5,28,2,148,11074
1985,5,29,3,149,11017
1985,5,30,4,150,10955
1985,5,31,5,151,11034
1985,6,1,6,152,8226
1985,6,2,7,153,8171
1985,6,3,1,154,10842
1985,6,4,2,155,11365
1985,6,5,3,156,10979
1985,6,6,4,157,10738
1985,6,7,5,158,11156
1985,6,8,6,159,7911
1985,6,9,7,160,8002
1985,6,10,1,161,11149
1985,6,11,2,162,10983
1985,6,12,3,163,10912
1985,6,13,4,164,11341
1985,6,14,5,165,10998
1985,6,15,6,166,8099
1985,6,16,7,167,8156
1985,6,17,1,168,11343
1985,6,18,2,169,11090
1985,6,19,3,170,11072
1985,6,20,4,171,11231
1985,6,21,5,172,10956
1985,6,22,6,173,8202
1985,6,23,7,174,8111
1985,6,24,1,175,11293
1985,6,25,2,176,11191
1985,6,26,3,177,10731
1985,6,27,4,178,11347
1985,6,28,5,179,10994
1985,6,29,6,180,8229
1985,6,30,7,181,7951
1985,7,1,1,182,11209
1985,7,2,2,183,11183
1985,7,3,3,184,10904
1985,7,4,4,185,7709
1985,7,5,5,186,11037
1985,7,6,6,187,8330
1985,7,7,7,188,7374
1985,7,8,1,189,10876
1985,7,9,2,190,11073
1985,7,10,3,191,10622
1985,7,11,4,192,10999
1985,7,12,5,193,10992
1985,7,13,6,194,8545
1985,7,14,7,195,8112
1985,7,15,1,196,10845
1985,7,16,2,197,11002
1985,7,17,3,198,10816
1985,7,18,4,199,10848
1985,7,19,5,200,11064
1985,7,20,6,201,8093
1985,7,21,7,202,7626
1985,7,22,1,203,11041
1985,7,23,2,204,11143
1985,7,24,3,205,10684
1985,7,25,4,206,11090
1985,7,26,5,207,10916
1985,7,27,6,208,8275
1985,7,28,7,209,7977
1985,7,29,1,210,10923
1985,7,30,2,211,11111
1985,7,31,3,212,10736
1985,8,1,4,213,10729
1985,8,2,5,214,10827
1985,8,3,6,215,7930
1985,8,4,7,216,7633
1985,8,5,1,217,10486
1985,8,6,2,218,10776
1985,8,7,3,219,10613
1985,8,8,4,220,10718
1985,8,9,5,221,10821
1985,8,10,6,222,8053
1985,8,11,7,223,7751
1985,8,12,1,224,10922
1985,8,13,2,225,10748
1985,8,14,3,226,10448
1985,8,15,4,227,10577
1985,8,16,5,228,10777
1985,8,17,6,229,8001
1985,8,18,7,230,7526
1985,8,19,1,231,10531
1985,8,20,2,232,10782
1985,8,21,3,233,10697
1985,8,22,4,234,10872
1985,8,23,5,235,10764
1985,8,24,6,236,7990
1985,8,25,7,237,7498
1985,8,26,1,238,10759
1985,8,27,2,239,10712
1985,8,28,3,240,10768
1985,8,29,4,241,10443
1985,8,30,5,242,10800
1985,8,31,6,243,8119
1985,9,1,7,244,7473
1985,9,2,1,245,11024
1985,9,3,2,246,10702
1985,9,4,3,247,10259
1985,9,5,4,248,10522
1985,9,6,5,249,10320
1985,9,7,6,250,7825
1985,9,8,7,251,7290
1985,9,9,1,252,10704
1985,9,10,2,253,10541
1985,9,11,3,254,10418
1985,9,12,4,255,10425
1985,9,13,5,256,10952
1985,9,14,6,257,7782
1985,9,15,7,258,7769
1985,9,16,1,259,10686
1985,9,17,2,260,10726
1985,9,18,3,261,10506
1985,9,19,4,262,10610
1985,9,20,5,263,10293
1985,9,21,6,264,7789
1985,9,22,7,265,7592
1985,9,23,1,266,10531
1985,9,24,2,267,10387
1985,9,25,3,268,10430
1985,9,26,4,269,10846
1985,9,27,5,270,10864
1985,9,28,6,271,7828
1985,9,29,7,272,7611
1985,9,30,1,273,10474
1985,10,1,2,274,10108
1985,10,2,3,275,10048
1985,10,3,4,276,10596
1985,10,4,5,277,10365
1985,10,5,6,278,7571
1985,10,6,7,279,7161
1985,10,7,1,280,10657
1985,10,8,2,281,10707
1985,10,9,3,282,10614
1985,10,10,4,283,10286
1985,10,11,5,284,10468
1985,10,12,6,285,7342
1985,10,13,7,286,7480
1985,10,14,1,287,10104
1985,10,15,2,288,10454
1985,10,16,3,289,10017
1985,10,17,4,290,10209
1985,10,18,5,291,10264
1985,10,19,6,292,7505
1985,10,20,7,293,7117
1985,10,21,1,294,10216
1985,10,22,2,295,10565
1985,10,23,3,296,10016
1985,10,24,4,297,10354
1985,10,25,5,298,10634
1985,10,26,6,299,7522
1985,10,27,7,300,7085
1985,10,28,1,301,10273
1985,10,29,2,302,10627
1985,10,30,3,303,10249
1985,10,31,4,304,10219
1985,11,1,5,305,10337
1985,11,2,6,306,7251
1985,11,3,7,307,7172
1985,11,4,1,308,10223
1985,11,5,2,309,10194
1985,11,6,3,310,9899
1985,11,7,4,311,9990
1985,11,8,5,312,10346
1985,11,9,6,313,7671
1985,11,10,7,314,6935
1985,11,11,1,315,10232
1985,11,12,2,316,9874
1985,11,13,3,317,9945
1985,11,14,4,318,10144
1985,11,15,5,319,10086
1985,11,16,6,320,7281
1985,11,17,7,321,6930
1985,11,18,1,322,10202
1985,11,19,2,323,10216
1985,11,20,3,324,9647
1985,11,21,4,325,9768
1985,11,22,5,326,10141
1985,11,23,6,327,7532
1985,11,24,7,328,6555
1985,11,25,1,329,10060
1985,11,26,2,330,10155
1985,11,27,3,331,10300
1985,11,28,4,332,6854
1985,11,29,5,333,10319
1985,11,30,6,334,7475
1985,12,1,7,335,6606
1985,12,2,1,336,10228
1985,12,3,2,337,10228
1985,12,4,3,338,10081
1985,12,5,4,339,10796
1985,12,6,5,340,9814
1985,12,7,6,341,7700
1985,12,8,7,342,6938
1985,12,9,1,343,10141
1985,12,10,2,344,10181
1985,12,11,3,345,9913
1985,12,12,4,346,9987
1985,12,13,5,347,10249
1985,12,14,6,348,7116
1985,12,15,7,349,7125
1985,12,16,1,350,10015
1985,12,17,2,351,9986
1985,12,18,3,352,9908
1985,12,19,4,353,10316
1985,12,20,5,354,10093
1985,12,21,6,355,7454
1985,12,22,7,356,6858
1985,12,23,1,357,10226
1985,12,24,2,358,10313
1985,12,25,3,359,6709
1985,12,26,4,360,10058
1985,12,27,5,361,10310
1985,12,28,6,362,7407
1985,12,29,7,363,7223
1985,12,30,1,364,9960
1985,12,31,2,365,10324
1986,1,1,3,1,7297
1986,1,2,4,2,10258
1986,1,3,5,3,10386
1986,1,4,6,4,7615
1986,1,5,7,5,7149
1986,1,6,1,6,10308
1986,1,7,2,7,10654
1986,1,8,3,8,10347
1986,1,9,4,9,10426
1986,1,10,5,10,10288
1986,1,11,6,11,7410
1986,1,12,7,12,7342
1986,1,13,1,13,10427
1986,1,14,2,14,10635
1986,1,15,3,15,10061
1986,1,16,4,16,10228
1986,1,17,5,17,10075
1986,1,18,6,18,7499
1986,1,19,7,19,7349
1986,1,20,1,20,10186
1986,1,21,2,21,10485
1986,1,22,3,22,10135
1986,1,23,4,23,10328
1986,1,24,5,24,10163
1986,1,25,6,25,7585
1986,1,26,7,26,6631
1986,1,27,1,27,10236
1986,1,28,2,28,10076
1986,1,29,3,29,10387
1986,1,30,4,30,10410
1986,1,31,5,31,10454
1986,2,1,6,32,8008
1986,2,2,7,33,7164
1986,2,3,1,34,10749
1986,2,4,2,35,10702
1986,2,5,3,36,10292
1986,2,6,4,37,10639
1986,2,7,5,38,10335
1986,2,8,6,39,7586
1986,2,9,7,40,7225
1986,2,10,1,41,10339
1986,2,11,2,42,10344
1986,2,12,3,43,10555
1986,2,13,4,44,10388
1986,2,14,5,45,10598
1986,2,15,6,46,7632
1986,2,16,7,47,7007
1986,2,17,1,48,10483
1986,2,18,2,49,10190
1986,2,19,3,50,10322
1986,2,20,4,51,10188
1986,2,21,5,52,10892
1986,2,22,6,53,7899
1986,2,23,7,54,7354
1986,2,24,1,55,10662
1986,2,25,2,56,10382
1986,2,26,3,57,10432
1986,2,27,4,58,10470
1986,2,28,5,59,10582
1986,3,1,6,60,8189
1986,3,2,7,61,7691
1986,3,3,1,62,10711
1986,3,4,2,63,10462
1986,3,5,3,64,10387
1986,3,6,4,65,10637
1986,3,7,5,66,10776
1986,3,8,6,67,7756
1986,3,9,7,68,7994
1986,3,10,1,69,10932
1986,3,11,2,70,10868
1986,3,12,3,71,10572
1986,3,13,4,72,10621
1986,3,14,5,73,10588
1986,3,15,6,74,7973
1986,3,16,7,75,7606
1986,3,17,1,76,10436
1986,3,18,2,77,10820
1986,3,19,3,78,10532
1986,3,20,4,79,10316
1986,3,21,5,80,10605
1986,3,22,6,81,7885
1986,3,23,7,82,7899
1986,3,24,1,83,10760
1986,3,25,2,84,10519
1986,3,26,3,85,10647
1986,3,27,4,86,10381
1986,3,28,5,87,10954
1986,3,29,6,88,7875
1986,3,30,7,89,7543
1986,3,31,1,90,10898
1986,4,1,2,91,10753
1986,4,2,3,92,10533
1986,4,3,4,93,10779
1986,4,4,5,94,11171
1986,4,5,6,95,7911
1986,4,6,7,96,7275
1986,4,7,1,97,10803
1986,4,8,2,98,11084
1986,4,9,3,99,11001
1986,4,10,4,100,10801
1986,4,11,5,101,10910
1986,4,12,6,102,8392
1986,4,13,7,103,7448
1986,4,14,1,104,10815
1986,4,15,2,105,11019
1986,4,16,3,106,10865
1986,4,17,4,107,10793
1986,4,18,5,108,10991
1986,4,19,6,109,7737
1986,4,20,7,110,7666
1986,4,21,1,111,10966
1986,4,22,2,112,10808
1986,4,23,3,113,10795
1986,4,24,4,114,10965
1986,4,25,5,115,10923
1986,4,26,6,116,8215
1986,4,27,7,117,7611
1986,4,28,1,118,10847
1986,4,29,2,119,11094
1986,4,30,3,120,10813
1986,5,1,4,121,10944
1986,5,2,5,122,11190
1986,5,3,6,123,8478
1986,5,4,7,124,7580
1986,5,5,1,125,11258
1986,5,6,2,126,11089
1986,5,7,3,127,11026
1986,5,8,4,128,11265
1986,5,9,5,129,10902
1986,5,10,6,130,8222
1986,5,11,7,131,7897
1986,5,12,1,132,10908
1986,5,13,2,133,11462
1986,5,14,3,134,10795
1986,5,15,4,135,10949
1986,5,16,5,136,11186
1986,5,17,6,137,8133
1986,5,18,7,138,7878
1986,5,19,1,139,11106
1986,5,20,2,140,11089
1986,5,21,3,141,10932
1986,5,22,4,142,10954
1986,5,23,5,143,10877
1986,5,24,6,144,8407
1986,5,25,7,145,8265
1986,5,26,1,146,11053
1986,5,27,2,147,11190
1986,5,28,3,148,11074
1986,5,29,4,149,10821
1986,5,30,5,150,11456
1986,5,31,6,151,8386
1986,6,1,7,152,8303
1986,6,2,1,153,10978
1986,6,3,2,154,11537
1986,6,4,3,155,11149
1986,6,5,4,156,11209
1986,6,6,5,157,11252
1986,6,7,6,158,8365
1986,6,8,7,159,8226
1986,6,9,1,160,11135
1986,6,10,2,161,10855
1986,6,11,3,162,10808
1986,6,12,4,163,11076
1986,6,13,5,164,11265
1986,6,14,6,165,8399
1986,6,15,7,166,8229
1986,6,16,1,167,10758
1986,6,17,2,168,11235
1986,6,18,3,169,10682
1986,6,19,4,170,11246
1986,6,20,5,171,11192
1986,6,21,6,172,8485
1986,6,22,7,173,7854
1986,6,23,1,174,11340
1986,6,24,2,175,11397
1986,6,25,3,176,11115
1986,6,26,4,177,11086
1986,6,27,5,178,11314
1986,6,28,6,179,8282
1986,6,29,7,180,8164
1986,6,30,1,181,11406
1986,7,1,2,182,11342
1986,7,2,3,183,10818
1986,7,3,4,184,11114
1986,7,4,5,185,7641
1986,7,5,6,186,8452
1986,7,6,7,187,8030
1986,7,7,1,188,10713
1986,7,8,2,189,10940
1986,7,9,3,190,10898
1986,7,10,4,191,10995
1986,7,11,5,192,10932
1986,7,12,6,193,8419
1986,7,13,7,194,7994
1986,7,14,1,195,11014
1986,7,15,2,196,11013
1986,7,16,3,197,11138
1986,7,17,4,198,11347
1986,7,18,5,199,11062
1986,7,19,6,200,8239
1986,7,20,7,201,8038
1986,7,21,1,202,10985
1986,7,22,2,203,11124
1986,7,23,3,204,11082
1986,7,24,4,205,10706
1986,7,25,5,206,11387
1986,7,26,6,207,8362
1986,7,27,7,208,7875
1986,7,28,1,209,11033
1986,7,29,2,210,11142
1986,7,30,3,211,10638
1986,7,31,4,212,11318
1986,8,1,5,213,10992
1986,8,2,6,214,8264
1986,8,3,7,215,7956
1986,8,4,1,216,10701
1986,8,5,2,217,11070
1986,8,6,3,218,10736
1986,8,7,4,219,11037
1986,8,8,5,220,10602
1986,8,9,6,221,8167
1986,8,10,7,222,7676
1986,8,11,1,223,10962
1986,8,12,2,224,11069
1986,8,13,3,225,10657
1986,8,14,4,226,10756
1986,8,15,5,227,10965
1986,8,16,6,228,8023
1986,8,17,7,229,7936
1986,8,18,1,230,10818
1986,8,19,2,231,10461
1986,8,20,3,232,10717
1986,8,21,4,233,10698
1986,8,22,5,234,10691
1986,8,23,6,235,7962
1986,8,24,7,236,7804
1986,8,25,1,237,11124
1986,8,26,2,238,11041
1986,8,27,3,239,10675
1986,8,28,4,240,10967
1986,8,29,5,241,10902
1986,8,30,6,242,8059
1986,8,31,7,243,7577
1986,9,1,1,244,10344
1986,9,2,2,245,10689
1986,9,3,3,246,10588
1986,9,4,4,247,10642
1986,9,5,5,248,10685
1986,9,6,6,249,7789
1986,9,7,7,250,7669
1986,9,8,1,251,10422
1986,9,9,2,252,10899
1986,9,10,3,253,10379
1986,9,11,4,254,10524
1986,9,12,5,255,10495
1986,9,13,6,256,7869
1986,9,14,7,257,7735
1986,9,15,1,258,10752
1986,9,16,2,259,10936
1986,9,17,3,260,10653
1986,9,18,4,261,10461
1986,9,19,5,262,10700
1986,9,20,6,263,7819
1986,9,21,7,264,7799
1986,9,22,1,265,10444
1986,9,23,2,266,10920
1986,9,24,3,267,10720
1986,9,25,4,268,10989
1986,9,26,5,269,10686
1986,9,27,6,270,8088
1986,9,28,7,271,7970
1986,9,29,1,272,10548
1986,9,30,2,273,10483
1986,10,1,3,274,9996
1986,10,2,4,275,10563
1986,10,3,5,276,10196
1986,10,4,6,277,7667
1986,10,5,7,278,7413
1986,10,6,1,279,10468
1986,10,7,2,280,10611
1986,10,8,3,281,10375
1986,10,9,4,282,10665
1986,10,10,5,283,10363
1986,10,11,6,284,7613
1986,10,12,7,285,7195
1986,10,13,1,286,10584
1986,10,14,2,287,10697
1986,10,15,3,288,10416
1986,10,16,4,289,10648
1986,10,17,5,290,10322
1986,10,18,6,291,8035
1986,10,19,7,292,7609
1986,10,20,1,293,10567
1986,10,21,2,294,10855
1986,10,22,3,295,10036
1986,10,23,4,296,10340
1986,10,24,5,297,10402
1986,10,25,6,298,7864
1986,10,26,7,299,7145
1986,10,27,1,300,10571
1986,10,28,2,301,10781
1986,10,29,3,302,10460
1986,10,30,4,303,10486
1986,10,31,5,304,10357
1986,11,1,6,305,7417
1986,11,2,7,306,7395
1986,11,3,1,307,10410
1986,11,4,2,308,10363
1986,11,5,3,309,10095
1986,11,6,4,310,9905
1986,11,7,5,311,10177
1986,11,8,6,312,7914
1986,11,9,7,313,6939
1986,11,10,1,314,10304
1986,11,11,2,315,10551
1986,11,12,3,316,9944
1986,11,13,4,317,10303
1986,11,14,5,318,10539
1986,11,15,6,319,7572
1986,11,16,7,320,7686
1986,11,17,1,321,9969
1986,11,18,2,322,10560
1986,11,19,3,323,10139
1986,11,20,4,324,10409
1986,11,21,5,325,10449
1986,11,22,6,326,7438
1986,11,23,7,327,7211
1986,11,24,1,328,9935
1986,11,25,2,329,10478
1986,11,26,3,330,10223
1986,11,27,4,331,7061
1986,11,28,5,332,10560
1986,11,29,6,333,7636
1986,11,30,7,334,7196
1986,12,1,1,335,10051
1986,12,2,2,336,10181
1986,12,3,3,337,10323
1986,12,4,4,338,10468
1986,12,5,5,339,10267
1986,12,6,6,340,7518
1986,12,7,7,341,6947
1986,12,8,1,342,10421
1986,12,9,2,343,10429
1986,12,10,3,344,10459
1986,12,11,4,345,10051
1986,12,12,5,346,10241
1986,12,13,6,347,7551
1986,12,14,7,348,7226
1986,12,15,1,349,10171
1986,12,16,2,350,10152
1986,12,17,3,351,10268
1986,12,18,4,352,10339
1986,12,19,5,353,10145
1986,12,20,6,354,7753
1986,12,21,7,355,7320
1986,12,22,1,356,10234
1986,12,23,2,357,10324
1986,12,24,3,358,10209
1986,12,25,4,359,6535
1986,12,26,5,360,10315
1986,12,27,6,361,7122
1986,12,28,7,362,7267
1986,12,29,1,363,9928
1986,12,30,2,364,10580
1986,12,31,3,365,10050
1987,1,1,4,1,7453
1987,1,2,5,2,10377
1987,1,3,6,3,7638
1987,1,4,7,4,7545
1987,1,5,1,5,9942
1987,1,6,2,6,10720
1987,1,7,3,7,10351
1987,1,8,4,8,10173
1987,1,9,5,9,10296
1987,1,10,6,10,7992
1987,1,11,7,11,7120
1987,1,12,1,12,10182
1987,1,13,2,13,10695
1987,1,14,3,14,10351
1987,1,15,4,15,10221
1987,1,16,5,16,10529
1987,1,17,6,17,7505
1987,1,18,7,18,7488
1987,1,19,1,19,10581
1987,1,20,2,20,10586
1987,1,21,3,21,10355
1987,1,22,4,22,10707
1987,1,23,5,23,10490
1987,1,24,6,24,7477
1987,1,25,7,25,7371
1987,1,26,1,26,10765
1987,1,27,2,27,10307
1987,1,28,3,28,10225
1987,1,29,4,29,10465
1987,1,30,5,30,10480
1987,1,31,6,31,7513
1987,2,1,7,32,7656
1987,2,2,1,33,10972
1987,2,3,2,34,10690
1987,2,4,3,35,10292
1987,2,5,4,36,10276
1987,2,6,5,37,10701
1987,2,7,6,38,8053
1987,2,8,7,39,7540
1987,2,9,1,40,10554
1987,2,10,2,41,10548
1987,2,11,3,42,10258
1987,2,12,4,43,10705
1987,2,13,5,44,10819
1987,2,14,6,45,7576
1987,2,15,7,46,7741
1987,2,16,1,47,10658
1987,2,17,2,48,10906
1987,2,18,3,49,10213
1987,2,19,4,50,10309
1987,2,20,5,51,10628
1987,2,21,6,52,7945
1987,2,22,7,53,7778
1987,2,23,1,54,10682
1987,2,24,2,55,10611
1987,2,25,3,56,10270
1987,2,26,4,57,10776
1987,2,27,5,58,10481
1987,2,28,6,59,8148
1987,3,1,7,60,7628
1987,3,2,1,61,11066
1987,3,3,2,62,11002
1987,3,4,3,63,10655
1987,3,5,4,64,10686
1987,3,6,5,65,10818
1987,3,7,6,66,8157
1987,3,8,7,67,7693
1987,3,9,1,68,10673
1987,3,10,2,69,10850
1987,3,11,3,70,10694
1987,3,12,4,71,10396
1987,3,13,5,72,10962
1987,3,14,6,73,7903
1987,3,15,7,74,7472
1987,3,16,1,75,10476
1987,3,17,2,76,10557
1987,3,18,3,77,10436
1987,3,19,4,78,10652
1987,3,20,5,79,11231
1987,3,21,6,80,7985
1987,3,22,7,81,7711
1987,3,23,1,82,10852
1987,3,24,2,83,10903
1987,3,25,3,84,10666
1987,3,26,4,85,10564
1987,3,27,5,86,11141
1987,3,28,6,87,8405
1987,3,29,7,88,7377
1987,3,30,1,89,10595
1987,3,31,2,90,10829
1987,4,1,3,91,10731
1987,4,2,4,92,11096
1987,4,3,5,93,10973
1987,4,4,6,94,8694
1987,4,5,7,95,8119
1987,4,6,1,96,11043
1987,4,7,2,97,11289
1987,4,8,3,98,11104
1987,4,9,4,99,10903
1987,4,10,5,100,10958
1987,4,11,6,101,8319
1987,4,12,7,102,8060
1987,4,13,1,103,11030
1987,4,14,2,104,10821
1987,4,15,3,105,10760
1987,4,16,4,106,10991
1987,4,17,5,107,11091
1987,4,18,6,108,8660
1987,4,19,7,109,7655
1987,4,20,1,110,11096
1987,4,21,2,111,11373
1987,4,22,3,112,11313
1987,4,23,4,113,10932
1987,4,24,5,114,11193
1987,4,25,6,115,8407
1987,4,26,7,116,7940
1987,4,27,1,117,10987
1987,4,28,2,118,11183
1987,4,29,3,119,10449
1987,4,30,4,120,11127
1987,5,1,5,121,11292
1987,5,2,6,122,8429
1987,5,3,7,123,8438
1987,5,4,1,124,11048
1987,5,5,2,125,11197
1987,5,6,3,126,11428
1987,5,7,4,127,11019
1987,5,8,5,128,11170
1987,5,9,6,129,8443
1987,5,10,7,130,8221
1987,5,11,1,131,11207
1987,5,12,2,132,11037
1987,5,13,3,133,10973
1987,5,14,4,134,11060
1987,5,15,5,135,11255
1987,5,16,6,136,8546
1987,5,17,7,137,8144
1987,5,18,1,138,10850
1987,5,19,2,139,11461
1987,5,20,3,140,11115
1987,5,21,4,141,11418
1987,5,22,5,142,11349
1987,5,23,6,143,8667
1987,5,24,7,144,8153
1987,5,25,1,145,11412
1987,5,26,2,146,11363
1987,5,27,3,147,11052
1987,5,28,4,148,11578
1987,5,29,5,149,11429
1987,5,30,6,150,8572
1987,5,31,7,151,7839
1987,6,1,1,152,10998
1987,6,2,2,153,11382
1987,6,3,3,154,11156
1987,6,4,4,155,11119
1987,6,5,5,156,11355
1987,6,6,6,157,8815
1987,6,7,7,158,8255
1987,6,8,1,159,11024
1987,6,9,2,160,11309
1987,6,10,3,161,10985
1987,6,11,4,162,11160
1987,6,12,5,163,11255
1987,6,13,6,164,8444
1987,6,14,7,165,7904
1987,6,15,1,166,11207
1987,6,16,2,167,11229
1987,6,17,3,168,10602
1987,6,18,4,169,11599
1987,6,19,5,170,11525
1987,6,20,6,171,8462
1987,6,21,7,172,8133
1987,6,22,1,173,11019
1987,6,23,2,174,11635
1987,6,24,3,175,11471
1987,6,25,4,176,11258
1987,6,26,5,177,11514
1987,6,27,6,178,8561
1987,6,28,7,179,7889
1987,6,29,1,180,11155
1987,6,30,2,181,11353
1987,7,1,3,182,10987
1987,7,2,4,183,11130
1987,7,3,5,184,11253
1987,7,4,6,185,5918
1987,7,5,7,186,8079
1987,7,6,1,187,10978
1987,7,7,2,188,11140
1987,7,8,3,189,10838
1987,7,9,4,190,11345
1987,7,10,5,191,10890
1987,7,11,6,192,8677
1987,7,12,7,193,8319
1987,7,13,1,194,11115
1987,7,14,2,195,10801
1987,7,15,3,196,11004
1987,7,16,4,197,11158
1987,7,17,5,198,11087
1987,7,18,6,199,8376
1987,7,19,7,200,8345
1987,7,20,1,201,11289
1987,7,21,2,202,11103
1987,7,22,3,203,10782
1987,7,23,4,204,11110
1987,7,24,5,205,11231
1987,7,25,6,206,8559
1987,7,26,7,207,7973
1987,7,27,1,208,11261
1987,7,28,2,209,11618
1987,7,29,3,210,11216
1987,7,30,4,211,11161
1987,7,31,5,212,11236
1987,8,1,6,213,8240
1987,8,2,7,214,8117
1987,8,3,1,215,10892
1987,8,4,2,216,11113
1987,8,5,3,217,10914
1987,8,6,4,218,10914
1987,8,7,5,219,10857
1987,8,8,6,220,8363
1987,8,9,7,221,7894
1987,8,10,1,222,11095
1987,8,11,2,223,11008
1987,8,12,3,224,11124
1987,8,13,4,225,10847
1987,8,14,5,226,11413
1987,8,15,6,227,7990
1987,8,16,7,228,7983
1987,8,17,1,229,11090
1987,8,18,2,230,10961
1987,8,19,3,231,10981
1987,8,20,4,232,11235
1987,8,21,5,233,10705
1987,8,22,6,234,8395
1987,8,23,7,235,7456
1987,8,24,1,236,10831
1987,8,25,2,237,11398
1987,8,26,3,238,10800
1987,8,27,4,239,10793
1987,8,28,5,240,11069
1987,8,29,6,241,8677
1987,8,30,7,242,7575
1987,8,31,1,243,10815
1987,9,1,2,244,11149
1987,9,2,3,245,11014
1987,9,3,4,246,10761
1987,9,4,5,247,10656
1987,9,5,6,248,8457
1987,9,6,7,249,7966
1987,9,7,1,250,10902
1987,9,8,2,251,10733
1987,9,9,3,252,10671
1987,9,10,4,253,10751
1987,9,11,5,254,10939
1987,9,12,6,255,8341
1987,9,13,7,256,7838
1987,9,14,1,257,10586
1987,9,15,2,258,11127
1987,9,16,3,259,10736
1987,9,17,4,260,10903
1987,9,18,5,261,11143
1987,9,19,6,262,7879
1987,9,20,7,263,7673
1987,9,21,1,264,10684
1987,9,22,2,265,10597
1987,9,23,3,266,10742
1987,9,24,4,267,11232
1987,9,25,5,268,10548
1987,9,26,6,269,8074
1987,9,27,7,270,7795
1987,9,28,1,271,10802
1987,9,29,2,272,10859
1987,9,30,3,273,10446
1987,10,1,4,274,10596
1987,10,2,5,275,10518
1987,10,3,6,276,7460
1987,10,4,7,277,7670
1987,10,5,1,278,10727
1987,10,6,2,279,10664
1987,10,7,3,280,10496
1987,10,8,4,281,10748
1987,10,9,5,282,10695
1987,10,10,6,283,8017
1987,10,11,7,284,7401
1987,10,12,1,285,10791
1987,10,13,2,286,10712
1987,10,14,3,287,10489
1987,10,15,4,288,10326
1987,10,16,5,289,10706
1987,10,17,6,290,7705
1987,10,18,7,291,7340
1987,10,19,1,292,10408
1987,10,20,2,293,10463
1987,10,21,3,294,10837
1987,10,22,4,295,10794
1987,10,23,5,296,11000
1987,10,24,6,297,7634
1987,10,25,7,298,7467
1987,10,26,1,299,10322
1987,10,27,2,300,10529
1987,10,28,3,301,10289
1987,10,29,4,302,10778
1987,10,30,5,303,10583
1987,10,31,6,304,8047
1987,11,1,7,305,7399
1987,11,2,1,306,10804
1987,11,3,2,307,10223
1987,11,4,3,308,10516
1987,11,5,4,309,10596
1987,11,6,5,310,10315
1987,11,7,6,311,7871
1987,11,8,7,312,7350
1987,11,9,1,313,10349
1987,11,10,2,314,10341
1987,11,11,3,315,10160
1987,11,12,4,316,10759
1987,11,13,5,317,10490
1987,11,14,6,318,7831
1987,11,15,7,319,7147
1987,11,16,1,320,10249
1987,11,17,2,321,10685
1987,11,18,3,322,10047
1987,11,19,4,323,10315
1987,11,20,5,324,10496
1987,11,21,6,325,7710
1987,11,22,7,326,7258
1987,11,23,1,327,10461
1987,11,24,2,328,10615
1987,11,25,3,329,10422
1987,11,26,4,330,6944
1987,11,27,5,331,10439
1987,11,28,6,332,7905
1987,11,29,7,333,7451
1987,11,30,1,334,10143
1987,12,1,2,335,10493
1987,12,2,3,336,9873
1987,12,3,4,337,10338
1987,12,4,5,338,10771
1987,12,5,6,339,7459
1987,12,6,7,340,7079
1987,12,7,1,341,10467
1987,12,8,2,342,10152
1987,12,9,3,343,10116
1987,12,10,4,344,10437
1987,12,11,5,345,10315
1987,12,12,6,346,7587
1987,12,13,7,347,7363
1987,12,14,1,348,10405
1987,12,15,2,349,10478
1987,12,16,3,350,10168
1987,12,17,4,351,10396
1987,12,18,5,352,10407
1987,12,19,6,353,7712
1987,12,20,7,354,7140
1987,12,21,1,355,10297
1987,12,22,2,356,10251
1987,12,23,3,357,10223
1987,12,24,4,358,10184
1987,12,25,5,359,6648
1987,12,26,6,360,7676
1987,12,27,7,361,7268
1987,12,28,1,362,10470
1987,12,29,2,363,10352
1987,12,30,3,364,10303
1987,12,31,4,365,10429
1988,1,1,5,1,7696
1988,1,2,6,2,7661
1988,1,3,7,3,7437
1988,1,4,1,4,10575
1988,1,5,2,5,10611
1988,1,6,3,6,10034
1988,1,7,4,7,10539
1988,1,8,5,8,11008
1988,1,9,6,9,7745
1988,1,10,7,10,7279
1988,1,11,1,11,10577
1988,1,12,2,12,10666
1988,1,13,3,13,10624
1988,1,14,4,14,10283
1988,1,15,5,15,10741
1988,1,16,6,16,7916
1988,1,17,7,17,7384
1988,1,18,1,18,10571
1988,1,19,2,19,10795
1988,1,20,3,20,10567
1988,1,21,4,21,10304
1988,1,22,5,22,10757
1988,1,23,6,23,7798
1988,1,24,7,24,7423
1988,1,25,1,25,10523
1988,1,26,2,26,10583
1988,1,27,3,27,10624
1988,1,28,4,28,10495
1988,1,29,5,29,10408
1988,1,30,6,30,7739
1988,1,31,7,31,7442
1988,2,1,1,32,10896
1988,2,2,2,33,10883
1988,2,3,3,34,10421
1988,2,4,4,35,11122
1988,2,5,5,36,10822
1988,2,6,6,37,8204
1988,2,7,7,38,7547
1988,2,8,1,39,10771
1988,2,9,2,40,10926
1988,2,10,3,41,10794
1988,2,11,4,42,10865
1988,2,12,5,43,10931
1988,2,13,6,44,7918
1988,2,14,7,45,7472
1988,2,15,1,46,10734
1988,2,16,2,47,10942
1988,2,17,3,48,10534
1988,2,18,4,49,10866
1988,2,19,5,50,11036
1988,2,20,6,51,7810
1988,2,21,7,52,7424
1988,2,22,1,53,10649
1988,2,23,2,54,10830
1988,2,24,3,55,10480
1988,2,25,4,56,10918
1988,2,26,5,57,10851
1988,2,27,6,58,7982
1988,2,28,7,59,7316
1988,2,29,1,60,10438
1988,3,1,2,61,11050
1988,3,2,3,62,10416
1988,3,3,4,63,11082
1988,3,4,5,64,10971
1988,3,5,6,65,8783
1988,3,6,7,66,8215
1988,3,7,1,67,10867
1988,3,8,2,68,10980
1988,3,9,3,69,10979
1988,3,10,4,70,11206
1988,3,11,5,71,10705
1988,3,12,6,72,7878
1988,3,13,7,73,7688
1988,3,14,1,74,11004
1988,3,15,2,75,11089
1988,3,16,3,76,10992
1988,3,17,4,77,10684
1988,3,18,5,78,10583
1988,3,19,6,79,8354
1988,3,20,7,80,7650
1988,3,21,1,81,10536
1988,3,22,2,82,11026
1988,3,23,3,83,10942
1988,3,24,4,84,10878
1988,3,25,5,85,10917
1988,3,26,6,86,8171
1988,3,27,7,87,7733
1988,3,28,1,88,10657
1988,3,29,2,89,10871
1988,3,30,3,90,10893
1988,3,31,4,91,10957
1988,4,1,5,92,11255
1988,4,2,6,93,8245
1988,4,3,7,94,7992
1988,4,4,1,95,10733
1988,4,5,2,96,11257
1988,4,6,3,97,11282
1988,4,7,4,98,10859
1988,4,8,5,99,11119
1988,4,9,6,100,8484
1988,4,10,7,101,8250
1988,4,11,1,102,11044
1988,4,12,2,103,11100
1988,4,13,3,104,10670
1988,4,14,4,105,11143
1988,4,15,5,106,11592
1988,4,16,6,107,8474
1988,4,17,7,108,8020
1988,4,18,1,109,11182
1988,4,19,2,110,11223
1988,4,20,3,111,10878
1988,4,21,4,112,11273
1988,4,22,5,113,11265
1988,4,23,6,114,8428
1988,4,24,7,115,7849
1988,4,25,1,116,11359
1988,4,26,2,117,11344
1988,4,27,3,118,10925
1988,4,28,4,119,11305
1988,4,29,5,120,11135
1988,4,30,6,121,8284
1988,5,1,7,122,8052
1988,5,2,1,123,10970
1988,5,3,2,124,11474
1988,5,4,3,125,10860
1988,5,5,4,126,11068
1988,5,6,5,127,11016
1988,5,7,6,128,8574
1988,5,8,7,129,8162
1988,5,9,1,130,11230
1988,5,10,2,131,11202
1988,5,11,3,132,10978
1988,5,12,4,133,11373
1988,5,13,5,134,11290
1988,5,14,6,135,8646
1988,5,15,7,136,8030
1988,5,16,1,137,11322
1988,5,17,2,138,11624
1988,5,18,3,139,11295
1988,5,19,4,140,11215
1988,5,20,5,141,11436
1988,5,21,6,142,8546
1988,5,22,7,143,8191
1988,5,23,1,144,11231
1988,5,24,2,145,11360
1988,5,25,3,146,11227
1988,5,26,4,147,11110
1988,5,27,5,148,11206
1988,5,28,6,149,8339
1988,5,29,7,150,7901
1988,5,30,1,151,11070
1988,5,31,2,152,11418
1988,6,1,3,153,11089
1988,6,2,4,154,11442
1988,6,3,5,155,11456
1988,6,4,6,156,8295
1988,6,5,7,157,8367
1988,6,6,1,158,11495
1988,6,7,2,159,11271
1988,6,8,3,160,11325
1988,6,9,4,161,11195
1988,6,10,5,162,11467
1988,6,11,6,163,8422
1988,6,12,7,164,7927
1988,6,13,1,165,11281
1988,6,14,2,166,11427
1988,6,15,3,167,11178
1988,6,16,4,168,11136
1988,6,17,5,169,11378
1988,6,18,6,170,8698
1988,6,19,7,171,8241
1988,6,20,1,172,11382
1988,6,21,2,173,11329
1988,6,22,3,174,11460
1988,6,23,4,175,11138
1988,6,24,5,176,11537
1988,6,25,6,177,8862
1988,6,26,7,178,8336
1988,6,27,1,179,11313
1988,6,28,2,180,11354
1988,6,29,3,181,11436
1988,6,30,4,182,11093
1988,7,1,5,183,11215
1988,7,2,6,184,8518
1988,7,3,7,185,8412
1988,7,4,1,186,7950
1988,7,5,2,187,11215
1988,7,6,3,188,11133
1988,7,7,4,189,11179
1988,7,8,5,190,11261
1988,7,9,6,191,8765
1988,7,10,7,192,7942
1988,7,11,1,193,11579
1988,7,12,2,194,11538
1988,7,13,3,195,11386
1988,7,14,4,196,11206
1988,7,15,5,197,11362
1988,7,16,6,198,8331
1988,7,17,7,199,8095
1988,7,18,1,200,11378
1988,7,19,2,201,11623
1988,7,20,3,202,10990
1988,7,21,4,203,11223
1988,7,22,5,204,11362
1988,7,23,6,205,8338
1988,7,24,7,206,8296
1988,7,25,1,207,11159
1988,7,26,2,208,11354
1988,7,27,3,209,11108
1988,7,28,4,210,11147
1988,7,29,5,211,11388
1988,7,30,6,212,8550
1988,7,31,7,213,8122
1988,8,1,1,214,10993
1988,8,2,2,215,11282
1988,8,3,3,216,11322
1988,8,4,4,217,11150
1988,8,5,5,218,11404
1988,8,6,6,219,8174
1988,8,7,7,220,8053
1988,8,8,1,221,10927
1988,8,9,2,222,10959
1988,8,10,3,223,10891
1988,8,11,4,224,11339
1988,8,12,5,225,11396
1988,8,13,6,226,8468
1988,8,14,7,227,7749
1988,8,15,1,228,11089
1988,8,16,2,229,11279
1988,8,17,3,230,11056
1988,8,18,4,231,10793
1988,8,19,5,232,11064
1988,8,20,6,233,8413
1988,8,21,7,234,8121
1988,8,22,1,235,10729
1988,8,23,2,236,11195
1988,8,24,3,237,11050
1988,8,25,4,238,11277
1988,8,26,5,239,11349
1988,8,27,6,240,8529
1988,8,28,7,241,7881
1988,8,29,1,242,10781
1988,8,30,2,243,11154
1988,8,31,3,244,11205
1988,9,1,4,245,11150
1988,9,2,5,246,11127
1988,9,3,6,247,8277
1988,9,4,7,248,7868
1988,9,5,1,249,10799
1988,9,6,2,250,10976
1988,9,7,3,251,11100
1988,9,8,4,252,10730
1988,9,9,5,253,11290
1988,9,10,6,254,8142
1988,9,11,7,255,8038
1988,9,12,1,256,10646
1988,9,13,2,257,11105
1988,9,14,3,258,10667
1988,9,15,4,259,10645
1988,9,16,5,260,11039
1988,9,17,6,261,8381
1988,9,18,7,262,7647
1988,9,19,1,263,10630
1988,9,20,2,264,10983
1988,9,21,3,265,10784
1988,9,22,4,266,10998
1988,9,23,5,267,11170
1988,9,24,6,268,8189
1988,9,25,7,269,8133
1988,9,26,1,270,10940
1988,9,27,2,271,10937
1988,9,28,3,272,10509
1988,9,29,4,273,10852
1988,9,30,5,274,10939
1988,10,1,6,275,8147
1988,10,2,7,276,7658
1988,10,3,1,277,10462
1988,10,4,2,278,10806
1988,10,5,3,279,10695
1988,10,6,4,280,10950
1988,10,7,5,281,10934
1988,10,8,6,282,8111
1988,10,9,7,283,7585
1988,10,10,1,284,10744
1988,10,11,2,285,10999
1988,10,12,3,286,10335
1988,10,13,4,287,10612
1988,10,14,5,288,10635
1988,10,15,6,289,8043
1988,10,16,7,290,7796
1988,10,17,1,291,10567
1988,10,18,2,292,10344
1988,10,19,3,293,10500
1988,10,20,4,294,10839
1988,10,21,5,295,10871
1988,10,22,6,296,8052
1988,10,23,7,297,7524
1988,10,24,1,298,10444
1988,10,25,2,299,10867
1988,10,26,3,300,10424
1988,10,27,4,301,11068
1988,10,28,5,302,10877
1988,10,29,6,303,7870
1988,10,30,7,304,7464
1988,10,31,1,305,10658
1988,11,1,2,306,10567
1988,11,2,3,307,10611
1988,11,3,4,308,10543
1988,11,4,5,309,10478
1988,11,5,6,310,8150
1988,11,6,7,311,7419
1988,11,7,1,312,10648
1988,11,8,2,313,10500
1988,11,9,3,314,10475
1988,11,10,4,315,10566
1988,11,11,5,316,10270
1988,11,12,6,317,8173
1988,11,13,7,318,7642
1988,11,14,1,319,10438
1988,11,15,2,320,10411
1988,11,16,3,321,10472
1988,11,17,4,322,10525
1988,11,18,5,323,10674
1988,11,19,6,324,7844
1988,11,20,7,325,7501
1988,11,21,1,326,10770
1988,11,22,2,327,10712
1988,11,23,3,328,10221
1988,11,24,4,329,7313
1988,11,25,5,330,10905
1988,11,26,6,331,8377
1988,11,27,7,332,7208
1988,11,28,1,333,10554
1988,11,29,2,334,10235
1988,11,30,3,335,10509
1988,12,1,4,336,10351
1988,12,2,5,337,10896
1988,12,3,6,338,7610
1988,12,4,7,339,7045
1988,12,5,1,340,10365
1988,12,6,2,341,10194
1988,12,7,3,342,10485
1988,12,8,4,343,10078
1988,12,9,5,344,10555
1988,12,10,6,345,7375
1988,12,11,7,346,7292
1988,12,12,1,347,10745
1988,12,13,2,348,10614
1988,12,14,3,349,10194
1988,12,15,4,350,10444
1988,12,16,5,351,10553
1988,12,17,6,352,7835
1988,12,18,7,353,7103
1988,12,19,1,354,10556
1988,12,20,2,355,10063
1988,12,21,3,356,10236
1988,12,22,4,357,10362
1988,12,23,5,358,10663
1988,12,24,6,359,7754
1988,12,25,7,360,4612
1988,12,26,1,361,10272
1988,12,27,2,362,10585
1988,12,28,3,363,10335
1988,12,29,4,364,10345
1988,12,30,5,365,10463
1988,12,31,6,366,7875
